LECROYWP740Zi,47836,Waveform,
Segments,1,SegmentSize,4002
Segment,TrigTime,TimeSinceSegment1,
#1,3/1/2007 6:25,0,
Time,Ch1,,
Second,value,,
-1.98E-08,-0.0286033,,
-1.98E-08,-0.0299627,,
-1.98E-08,-0.0315441,,
-1.97E-08,-0.0325706,,
-1.97E-08,-0.0325706,,
-1.97E-08,-0.0315718,,
-1.97E-08,-0.0301847,,
-1.96E-08,-0.0292691,,
-1.96E-08,-0.0294911,,
-1.96E-08,-0.0308505,,
-1.96E-08,-0.0327093,,
-1.95E-08,-0.0342907,,
-1.95E-08,-0.0348455,,
-1.95E-08,-0.0342907,,
-1.95E-08,-0.0331532,,
-1.94E-08,-0.0320712,,
-1.94E-08,-0.0315441,,
-1.94E-08,-0.0314886,,
-1.94E-08,-0.0313221,,
-1.93E-08,-0.0303511,,
-1.93E-08,-0.0282149,,
-1.93E-08,-0.0253018,,
-1.93E-08,-0.0225553,,
-1.92E-08,-0.0211404,,
-1.92E-08,-0.0217785,,
-1.92E-08,-0.0242753,,
-1.92E-08,-0.0275768,,
-1.91E-08,-0.0303234,,
-1.91E-08,-0.0314886,,
-1.91E-08,-0.0308782,,
-1.91E-08,-0.0291582,,
-1.90E-08,-0.0274936,,
-1.90E-08,-0.0268555,,
-1.90E-08,-0.02766,,
-1.90E-08,-0.0294633,,
-1.89E-08,-0.0314331,,
-1.89E-08,-0.0326538,,
-1.89E-08,-0.0327093,,
-1.89E-08,-0.0318215,,
-1.88E-08,-0.0305176,,
-1.88E-08,-0.0295188,,
-1.88E-08,-0.0291304,,
-1.88E-08,-0.0294356,,
-1.87E-08,-0.0302401,,
-1.87E-08,-0.0312112,,
-1.87E-08,-0.0322654,,
-1.87E-08,-0.0332919,,
-1.86E-08,-0.0342629,,
-1.86E-08,-0.034901,,
-1.86E-08,-0.0347346,,
-1.86E-08,-0.0333751,,
-1.85E-08,-0.0307118,,
-1.85E-08,-0.0271606,,
-1.85E-08,-0.0235818,,
-1.85E-08,-0.0210571,,
-1.84E-08,-0.020419,,
-1.84E-08,-0.0219449,,
-1.84E-08,-0.0251354,,
-1.84E-08,-0.0290194,,
-1.83E-08,-0.0325428,,
-1.83E-08,-0.034901,,
-1.83E-08,-0.0357888,,
-1.83E-08,-0.0355114,,
-1.82E-08,-0.0345403,,
-1.82E-08,-0.0332919,,
-1.82E-08,-0.0317383,,
-1.82E-08,-0.0296021,,
-1.81E-08,-0.0265225,,
-1.81E-08,-0.0223888,,
-1.81E-08,-0.0177557,,
-1.81E-08,-0.0137052,,
-1.80E-08,-0.0115689,,
-1.80E-08,-0.012318,,
-1.80E-08,-0.0160633,,
-1.80E-08,-0.0218062,,
-1.79E-08,-0.0278542,,
-1.79E-08,-0.0324596,,
-1.79E-08,-0.0345958,,
-1.79E-08,-0.0341519,,
-1.78E-08,-0.0320157,,
-1.78E-08,-0.0293801,,
-1.78E-08,-0.0271606,,
-1.78E-08,-0.0255793,,
-1.77E-08,-0.0244141,,
-1.77E-08,-0.0231379,,
-1.77E-08,-0.0215565,,
-1.77E-08,-0.0198364,,
-1.76E-08,-0.0186435,,
-1.76E-08,-0.0186435,,
-1.76E-08,-0.0202526,,
-1.76E-08,-0.0232766,,
-1.75E-08,-0.0271052,,
-1.75E-08,-0.030795,,
-1.75E-08,-0.0336248,,
-1.75E-08,-0.0350952,,
-1.74E-08,-0.0352339,,
-1.74E-08,-0.0341242,,
-1.74E-08,-0.0320989,,
-1.74E-08,-0.0292414,,
-1.73E-08,-0.025607,,
-1.73E-08,-0.0212791,,
-1.73E-08,-0.0165905,,
-1.73E-08,-0.0122625,,
-1.72E-08,-0.00915527,,
-1.72E-08,-0.00818426,,
-1.72E-08,-0.00971014,,
-1.72E-08,-0.0134277,,
-1.71E-08,-0.0184493,,
-1.71E-08,-0.0235818,,
-1.71E-08,-0.027771,,
-1.71E-08,-0.0302956,,
-1.70E-08,-0.0309892,,
-1.70E-08,-0.0299627,,
-1.70E-08,-0.0276323,,
-1.70E-08,-0.0244695,,
-1.69E-08,-0.0209184,,
-1.69E-08,-0.0173673,,
-1.69E-08,-0.0142878,,
-1.69E-08,-0.0121793,,
-1.68E-08,-0.011458,,
-1.68E-08,-0.0123735,,
-1.68E-08,-0.0148149,,
-1.68E-08,-0.0182828,,
-1.67E-08,-0.0220559,,
-1.67E-08,-0.0251909,,
-1.67E-08,-0.0268832,,
-1.67E-08,-0.0269664,,
-1.66E-08,-0.0257735,,
-1.66E-08,-0.0241644,,
-1.66E-08,-0.0232766,,
-1.66E-08,-0.0238869,,
-1.65E-08,-0.0262729,,
-1.65E-08,-0.0300182,,
-1.65E-08,-0.0343184,,
-1.65E-08,-0.038147,,
-1.64E-08,-0.0406716,,
-1.64E-08,-0.0414762,,
-1.64E-08,-0.0405606,,
-1.64E-08,-0.0383412,,
-1.63E-08,-0.0354559,,
-1.63E-08,-0.0326816,,
-1.63E-08,-0.0306563,,
-1.63E-08,-0.029713,,
-1.62E-08,-0.0299905,,
-1.62E-08,-0.031017,,
-1.62E-08,-0.0320157,,
-1.62E-08,-0.0320435,,
-1.61E-08,-0.0303234,,
-1.61E-08,-0.026911,,
-1.61E-08,-0.022583,,
-1.61E-08,-0.0185602,,
-1.60E-08,-0.0161188,,
-1.60E-08,-0.0159524,,
-1.60E-08,-0.0178667,,
-1.60E-08,-0.0209739,,
-1.59E-08,-0.0242199,,
-1.59E-08,-0.0267722,,
-1.59E-08,-0.0284923,,
-1.59E-08,-0.0297685,,
-1.58E-08,-0.0310447,,
-1.58E-08,-0.0324041,,
-1.58E-08,-0.0334029,,
-1.58E-08,-0.0332364,,
-1.57E-08,-0.0313221,,
-1.57E-08,-0.0277155,,
-1.57E-08,-0.0233043,,
-1.57E-08,-0.0195035,,
-1.56E-08,-0.017506,,
-1.56E-08,-0.0177002,,
-1.56E-08,-0.019559,,
-1.56E-08,-0.0216397,,
-1.55E-08,-0.022583,,
-1.55E-08,-0.0215565,,
-1.55E-08,-0.0187544,,
-1.55E-08,-0.0152588,,
-1.54E-08,-0.0125677,,
-1.54E-08,-0.0117077,,
-1.54E-08,-0.0129006,,
-1.54E-08,-0.0155362,,
-1.53E-08,-0.0184493,,
-1.53E-08,-0.0205023,,
-1.53E-08,-0.0209462,,
-1.53E-08,-0.0198364,,
-1.52E-08,-0.0176725,,
-1.52E-08,-0.015342,,
-1.52E-08,-0.0135665,,
-1.52E-08,-0.0127342,,
-1.51E-08,-0.0128729,,
-1.51E-08,-0.0135942,,
-1.51E-08,-0.0145652,,
-1.51E-08,-0.0156195,,
-1.50E-08,-0.0167847,,
-1.50E-08,-0.0181718,,
-1.50E-08,-0.0197255,,
-1.50E-08,-0.0210571,,
-1.49E-08,-0.0214178,,
-1.49E-08,-0.0201693,,
-1.49E-08,-0.0170898,,
-1.49E-08,-0.0126787,,
-1.48E-08,-0.00823975,,
-1.48E-08,-0.00521573,,
-1.48E-08,-0.00482733,,
-1.48E-08,-0.00724099,,
-1.47E-08,-0.0117354,,
-1.47E-08,-0.0167292,,
-1.47E-08,-0.0206687,,
-1.47E-08,-0.0224165,,
-1.46E-08,-0.0217785,,
-1.46E-08,-0.0191983,,
-1.46E-08,-0.0155362,,
-1.46E-08,-0.0115967,,
-1.45E-08,-0.0080178,,
-1.45E-08,-0.00521573,,
-1.45E-08,-0.00352339,,
-1.45E-08,-0.00319047,,
-1.44E-08,-0.00446666,,
-1.44E-08,-0.00715776,,
-1.44E-08,-0.0106257,,
-1.44E-08,-0.0138716,,
-1.43E-08,-0.0159524,,
-1.43E-08,-0.0162853,,
-1.43E-08,-0.0149259,,
-1.43E-08,-0.0127619,,
-1.42E-08,-0.0110696,,
-1.42E-08,-0.0109586,,
-1.42E-08,-0.0127896,,
-1.42E-08,-0.0158969,,
-1.41E-08,-0.0189486,,
-1.41E-08,-0.0203358,,
-1.41E-08,-0.0189486,,
-1.41E-08,-0.0147039,,
-1.40E-08,-0.00876687,,
-1.40E-08,-0.00294078,,
-1.40E-08,0.000887784,,
-1.40E-08,0.00160911,,
-1.39E-08,-0.0010265,,
-1.39E-08,-0.00626998,,
-1.39E-08,-0.0129006,,
-1.39E-08,-0.0195867,,
-1.38E-08,-0.0251354,,
-1.38E-08,-0.0286588,,
-1.38E-08,-0.0294911,,
-1.38E-08,-0.0272161,,
-1.37E-08,-0.0221114,,
-1.37E-08,-0.0149259,,
-1.37E-08,-0.00729648,,
-1.37E-08,-0.00113747,,
-1.36E-08,0.00194203,,
-1.36E-08,0.00124845,,
-1.36E-08,-0.00274658,,
-1.36E-08,-0.00840621,,
-1.35E-08,-0.0137052,,
-1.35E-08,-0.0168679,,
-1.35E-08,-0.0172008,,
-1.35E-08,-0.0151201,,
-1.34E-08,-0.0118741,,
-1.34E-08,-0.00901656,,
-1.34E-08,-0.00760165,,
-1.34E-08,-0.00787908,,
-1.33E-08,-0.00934948,,
-1.33E-08,-0.0112638,,
-1.33E-08,-0.0128174,,
-1.33E-08,-0.0136497,,
-1.32E-08,-0.0138161,,
-1.32E-08,-0.0135387,,
-1.32E-08,-0.0129838,,
-1.32E-08,-0.0121793,,
-1.31E-08,-0.011125,,
-1.31E-08,-0.00990434,,
-1.31E-08,-0.00865589,,
-1.31E-08,-0.00762939,,
-1.30E-08,-0.0069913,,
-1.30E-08,-0.00663064,,
-1.30E-08,-0.00613126,,
-1.30E-08,-0.00502153,,
-1.29E-08,-0.00316273,,
-1.29E-08,-0.000749068,,
-1.29E-08,0.00138716,,
-1.29E-08,0.00221946,,
-1.28E-08,0.000971014,,
-1.28E-08,-0.00219172,,
-1.28E-08,-0.00629772,,
-1.28E-08,-0.0098766,,
-1.27E-08,-0.0115412,,
-1.27E-08,-0.0107366,,
-1.27E-08,-0.00796231,,
-1.27E-08,-0.00457764,,
-1.26E-08,-0.00227495,,
-1.26E-08,-0.00213623,,
-1.26E-08,-0.00416149,,
-1.26E-08,-0.00721325,,
-1.25E-08,-0.00951594,,
-1.25E-08,-0.00954368,,
-1.25E-08,-0.0067971,,
-1.25E-08,-0.00208074,,
-1.24E-08,0.00271884,,
-1.24E-08,0.00546542,,
-1.24E-08,0.00488281,,
-1.24E-08,0.000971014,,
-1.23E-08,-0.00491056,,
-1.23E-08,-0.0108476,,
-1.23E-08,-0.0151756,,
-1.23E-08,-0.0171176,,
-1.22E-08,-0.0168956,,
-1.22E-08,-0.0151756,,
-1.22E-08,-0.0127342,,
-1.22E-08,-0.00995983,,
-1.21E-08,-0.00696356,,
-1.21E-08,-0.0039118,,
-1.21E-08,-0.00119296,,
-1.21E-08,0.000582608,,
-1.20E-08,0.000776811,,
-1.20E-08,-0.000749068,,
-1.20E-08,-0.00338468,,
-1.20E-08,-0.00618675,,
-1.19E-08,-0.00818426,,
-1.19E-08,-0.00882235,,
-1.19E-08,-0.00843395,,
-1.19E-08,-0.00793457,,
-1.18E-08,-0.00848944,,
-1.18E-08,-0.0107366,,
-1.18E-08,-0.0144265,,
-1.18E-08,-0.0184493,,
-1.17E-08,-0.0213346,,
-1.17E-08,-0.0219727,,
-1.17E-08,-0.0201416,,
-1.17E-08,-0.0167292,,
-1.16E-08,-0.0133722,,
-1.16E-08,-0.011458,,
-1.16E-08,-0.0116244,,
-1.16E-08,-0.0134555,,
-1.15E-08,-0.0158137,,
-1.15E-08,-0.017395,,
-1.15E-08,-0.0174228,,
-1.15E-08,-0.0160079,,
-1.14E-08,-0.0138994,,
-1.14E-08,-0.0120406,,
-1.14E-08,-0.0110141,,
-1.14E-08,-0.0107921,,
-1.13E-08,-0.0109586,,
-1.13E-08,-0.0107644,,
-1.13E-08,-0.00979337,,
-1.13E-08,-0.00807329,,
-1.12E-08,-0.00624223,,
-1.12E-08,-0.0051325,,
-1.12E-08,-0.00543768,,
-1.12E-08,-0.00735196,,
-1.11E-08,-0.0104869,,
-1.11E-08,-0.0138716,,
-1.11E-08,-0.016646,,
-1.11E-08,-0.0182273,,
-1.10E-08,-0.0183938,,
-1.10E-08,-0.0175337,,
-1.10E-08,-0.0162298,,
-1.10E-08,-0.0151756,,
-1.09E-08,-0.0147317,,
-1.09E-08,-0.0149259,,
-1.09E-08,-0.015453,,
-1.09E-08,-0.0160356,,
-1.08E-08,-0.016424,,
-1.08E-08,-0.016646,,
-1.08E-08,-0.0167292,,
-1.08E-08,-0.0167847,,
-1.07E-08,-0.0168679,,
-1.07E-08,-0.0168956,,
-1.07E-08,-0.0168124,,
-1.07E-08,-0.0167292,,
-1.06E-08,-0.0167569,,
-1.06E-08,-0.0169511,,
-1.06E-08,-0.0170898,,
-1.06E-08,-0.0167847,,
-1.05E-08,-0.015564,,
-1.05E-08,-0.0132613,,
-1.05E-08,-0.0100708,,
-1.05E-08,-0.00668612,,
-1.04E-08,-0.00405051,,
-1.04E-08,-0.00310724,,
-1.04E-08,-0.00413374,,
-1.04E-08,-0.0067971,,
-1.03E-08,-0.0103482,,
-1.03E-08,-0.0137052,,
-1.03E-08,-0.0162021,,
-1.03E-08,-0.0177279,,
-1.02E-08,-0.0188654,,
-1.02E-08,-0.0203635,,
-1.02E-08,-0.0226662,,
-1.02E-08,-0.0254406,,
-1.01E-08,-0.0279375,,
-1.01E-08,-0.0290749,,
-1.01E-08,-0.0283813,,
-1.01E-08,-0.0261619,,
-1.00E-08,-0.0235263,,
-1.00E-08,-0.0215565,,
-9.98E-09,-0.0210016,,
-9.96E-09,-0.0216675,,
-9.93E-09,-0.0227772,,
-9.91E-09,-0.0234153,,
-9.88E-09,-0.0230546,,
-9.86E-09,-0.0219727,,
-9.83E-09,-0.0209462,,
-9.81E-09,-0.0206132,,
-9.78E-09,-0.0211404,,
-9.76E-09,-0.0218894,,
-9.73E-09,-0.0218894,,
-9.71E-09,-0.0201971,,
-9.68E-09,-0.0165905,,
-9.66E-09,-0.0118464,,
-9.63E-09,-0.00732422,,
-9.61E-09,-0.0043002,,
-9.58E-09,-0.00355114,,
-9.56E-09,-0.00491056,,
-9.53E-09,-0.00760165,,
-9.51E-09,-0.0104869,,
-9.48E-09,-0.0127619,,
-9.46E-09,-0.0140381,,
-9.43E-09,-0.0145652,,
-9.41E-09,-0.0146762,,
-9.38E-09,-0.0146762,,
-9.36E-09,-0.0146207,,
-9.33E-09,-0.0144265,,
-9.31E-09,-0.0139271,,
-9.28E-09,-0.0132058,,
-9.26E-09,-0.0126787,,
-9.23E-09,-0.0129284,,
-9.21E-09,-0.0143987,,
-9.18E-09,-0.0170621,,
-9.16E-09,-0.0202803,,
-9.13E-09,-0.0229714,,
-9.11E-09,-0.0242476,,
-9.08E-09,-0.0235818,,
-9.06E-09,-0.0215565,,
-9.03E-09,-0.0192538,,
-9.01E-09,-0.0179221,,
-8.98E-09,-0.0182273,,
-8.96E-09,-0.0199751,,
-8.93E-09,-0.0220004,,
-8.91E-09,-0.0230546,,
-8.88E-09,-0.0223056,,
-8.86E-09,-0.0198087,,
-8.83E-09,-0.0166182,,
-8.81E-09,-0.0141768,,
-8.78E-09,-0.0136219,,
-8.76E-09,-0.0153698,,
-8.73E-09,-0.0189486,,
-8.71E-09,-0.0231656,,
-8.68E-09,-0.0268277,,
-8.66E-09,-0.0290749,,
-8.63E-09,-0.0294633,,
-8.61E-09,-0.0283536,,
-8.58E-09,-0.0263006,,
-8.56E-09,-0.0240257,,
-8.53E-09,-0.0221114,,
-8.51E-09,-0.0207242,,
-8.48E-09,-0.0197532,,
-8.46E-09,-0.0188932,,
-8.43E-09,-0.0177834,,
-8.41E-09,-0.0163963,,
-8.38E-09,-0.0149259,,
-8.36E-09,-0.0138439,,
-8.33E-09,-0.0136219,,
-8.31E-09,-0.0146762,,
-8.28E-09,-0.0167569,,
-8.26E-09,-0.0192538,,
-8.23E-09,-0.0212513,,
-8.21E-09,-0.0218617,,
-8.18E-09,-0.0206132,,
-8.16E-09,-0.0177002,,
-8.13E-09,-0.0137329,,
-8.11E-09,-0.00957142,,
-8.08E-09,-0.00610352,,
-8.06E-09,-0.0039118,,
-8.03E-09,-0.00335693,,
-8.01E-09,-0.00443892,,
-7.98E-09,-0.00696356,,
-7.96E-09,-0.0103205,,
-7.93E-09,-0.0138716,,
-7.91E-09,-0.0169234,,
-7.88E-09,-0.0190319,,
-7.86E-09,-0.0200584,,
-7.83E-09,-0.0200861,,
-7.81E-09,-0.0192261,,
-7.78E-09,-0.0175892,,
-7.76E-09,-0.015231,,
-7.73E-09,-0.012318,,
-7.71E-09,-0.00921076,,
-7.68E-09,-0.00663064,,
-7.66E-09,-0.00527122,,
-7.63E-09,-0.00549316,,
-7.61E-09,-0.00704679,,
-7.58E-09,-0.00926625,,
-7.56E-09,-0.0110973,,
-7.53E-09,-0.0117631,,
-7.51E-09,-0.0110696,,
-7.48E-09,-0.00940496,,
-7.46E-09,-0.00754616,,
-7.43E-09,-0.00621449,,
-7.41E-09,-0.00574285,,
-7.38E-09,-0.00590931,,
-7.36E-09,-0.0063532,,
-7.33E-09,-0.00674161,,
-7.31E-09,-0.00704679,,
-7.28E-09,-0.00760165,,
-7.26E-09,-0.00890558,,
-7.23E-09,-0.0111528,,
-7.21E-09,-0.01426,,
-7.18E-09,-0.0176725,,
-7.16E-09,-0.0206965,,
-7.13E-09,-0.0227495,,
-7.11E-09,-0.0234708,,
-7.08E-09,-0.0230546,,
-7.06E-09,-0.0219727,,
-7.03E-09,-0.0208352,,
-7.01E-09,-0.0200306,,
-6.98E-09,-0.0196422,,
-6.96E-09,-0.0193925,,
-6.93E-09,-0.0188932,,
-6.91E-09,-0.0178112,,
-6.88E-09,-0.0163408,,
-6.86E-09,-0.0148426,,
-6.83E-09,-0.0138716,,
-6.81E-09,-0.0136774,,
-6.78E-09,-0.0140936,,
-6.76E-09,-0.0147039,,
-6.73E-09,-0.0150368,,
-6.71E-09,-0.0148149,,
-6.68E-09,-0.0140658,,
-6.66E-09,-0.0133445,,
-6.63E-09,-0.013178,,
-6.61E-09,-0.0140381,,
-6.58E-09,-0.0160079,,
-6.56E-09,-0.0188099,,
-6.53E-09,-0.021723,,
-6.51E-09,-0.0240811,,
-6.48E-09,-0.0254406,,
-6.46E-09,-0.0258012,,
-6.43E-09,-0.0256903,,
-6.41E-09,-0.0256348,,
-6.38E-09,-0.0261341,,
-6.36E-09,-0.0271606,,
-6.33E-09,-0.0282704,,
-6.31E-09,-0.0287975,,
-6.28E-09,-0.0283813,,
-6.26E-09,-0.0269387,,
-6.23E-09,-0.0248302,,
-6.21E-09,-0.022472,,
-6.18E-09,-0.0199751,,
-6.16E-09,-0.0171453,,
-6.13E-09,-0.0136774,,
-6.11E-09,-0.00951594,,
-6.08E-09,-0.00521573,,
-6.06E-09,-0.00199751,,
-6.03E-09,-0.00124845,,
-6.01E-09,-0.00405051,,
-5.98E-09,-0.0104037,,
-5.96E-09,-0.0191151,,
-5.93E-09,-0.0281594,,
-5.91E-09,-0.0352894,,
-5.88E-09,-0.0388683,,
-5.86E-09,-0.0385076,,
-5.83E-09,-0.035123,,
-5.81E-09,-0.0302401,,
-5.78E-09,-0.0255515,,
-5.76E-09,-0.0220004,,
-5.73E-09,-0.0197255,,
-5.71E-09,-0.0182551,,
-5.68E-09,-0.0170621,,
-5.66E-09,-0.0159246,,
-5.63E-09,-0.0151756,,
-5.61E-09,-0.015231,,
-5.58E-09,-0.016313,,
-5.56E-09,-0.0181718,,
-5.53E-09,-0.0199751,,
-5.51E-09,-0.0208352,,
-5.48E-09,-0.0202803,,
-5.46E-09,-0.0188654,,
-5.43E-09,-0.0178112,,
-5.41E-09,-0.018699,,
-5.38E-09,-0.0226385,,
-5.36E-09,-0.0297408,,
-5.33E-09,-0.0391735,,
-5.31E-09,-0.0493275,,
-5.28E-09,-0.0585938,,
-5.26E-09,-0.0658347,,
-5.23E-09,-0.0710227,,
-5.21E-09,-0.0749068,,
-5.18E-09,-0.0787076,,
-5.16E-09,-0.0835627,,
-5.13E-09,-0.0899714,,
-5.11E-09,-0.0977117,,
-5.08E-09,-0.105841,,
-5.06E-09,-0.113331,,
-5.03E-09,-0.119601,,
-5.01E-09,-0.124761,,
-4.98E-09,-0.129755,,
-4.96E-09,-0.135803,,
-4.93E-09,-0.143932,,
-4.91E-09,-0.154252,,
-4.88E-09,-0.166099,,
-4.86E-09,-0.178278,,
-4.83E-09,-0.190097,,
-4.81E-09,-0.201749,,
-4.78E-09,-0.214705,,
-4.76E-09,-0.230935,,
-4.73E-09,-0.252158,,
-4.71E-09,-0.278903,,
-4.68E-09,-0.310197,,
-4.66E-09,-0.343822,,
-4.63E-09,-0.377086,,
-4.61E-09,-0.407909,,
-4.58E-09,-0.43543,,
-4.56E-09,-0.460177,,
-4.53E-09,-0.48362,,
-4.51E-09,-0.507452,,
-4.48E-09,-0.532781,,
-4.46E-09,-0.559554,,
-4.43E-09,-0.58677,,
-4.41E-09,-0.612821,,
-4.38E-09,-0.636375,,
-4.36E-09,-0.656932,,
-4.33E-09,-0.675021,,
-4.31E-09,-0.691889,,
-4.28E-09,-0.709201,,
-4.26E-09,-0.728149,,
-4.23E-09,-0.749096,,
-4.21E-09,-0.77129,,
-4.18E-09,-0.793291,,
-4.16E-09,-0.813293,,
-4.13E-09,-0.83005,,
-4.11E-09,-0.843173,,
-4.08E-09,-0.853549,,
-4.06E-09,-0.862982,,
-4.03E-09,-0.87358,,
-4.01E-09,-0.887118,,
-3.98E-09,-0.904291,,
-3.96E-09,-0.924599,,
-3.93E-09,-0.946544,,
-3.91E-09,-0.967934,,
-3.88E-09,-0.986633,,
-3.86E-09,-1.00103,,
-3.83E-09,-1.01041,,
-3.81E-09,-1.0151,,
-3.78E-09,-1.01643,,
-3.76E-09,-1.0164,,
-3.73E-09,-1.01707,,
-3.71E-09,-1.02023,,
-3.68E-09,-1.02683,,
-3.66E-09,-1.03679,,
-3.63E-09,-1.04908,,
-3.61E-09,-1.06215,,
-3.58E-09,-1.07427,,
-3.56E-09,-1.08423,,
-3.53E-09,-1.09164,,
-3.51E-09,-1.0968,,
-3.48E-09,-1.10046,,
-3.46E-09,-1.10338,,
-3.43E-09,-1.10601,,
-3.41E-09,-1.10845,,
-3.38E-09,-1.11062,,
-3.36E-09,-1.11239,,
-3.33E-09,-1.11384,,
-3.31E-09,-1.11508,,
-3.28E-09,-1.11608,,
-3.26E-09,-1.11642,,
-3.23E-09,-1.11558,,
-3.21E-09,-1.11317,,
-3.18E-09,-1.10934,,
-3.16E-09,-1.10501,,
-3.13E-09,-1.1016,,
-3.11E-09,-1.10049,,
-3.08E-09,-1.10224,,
-3.06E-09,-1.10629,,
-3.03E-09,-1.11101,,
-3.01E-09,-1.11425,,
-2.98E-09,-1.11428,,
-2.96E-09,-1.11028,,
-2.93E-09,-1.10271,,
-2.91E-09,-1.09295,,
-2.88E-09,-1.08265,,
-2.86E-09,-1.07328,,
-2.83E-09,-1.0657,,
-2.81E-09,-1.06001,,
-2.78E-09,-1.05607,,
-2.76E-09,-1.05344,,
-2.73E-09,-1.05186,,
-2.71E-09,-1.05111,,
-2.68E-09,-1.05094,,
-2.66E-09,-1.05111,,
-2.63E-09,-1.05116,,
-2.61E-09,-1.05061,,
-2.58E-09,-1.04914,,
-2.56E-09,-1.04661,,
-2.53E-09,-1.04334,,
-2.51E-09,-1.03984,,
-2.48E-09,-1.03677,,
-2.46E-09,-1.03455,,
-2.43E-09,-1.03335,,
-2.41E-09,-1.03302,,
-2.38E-09,-1.03305,,
-2.36E-09,-1.03308,,
-2.33E-09,-1.03271,,
-2.31E-09,-1.03197,,
-2.28E-09,-1.03086,,
-2.26E-09,-1.02947,,
-2.23E-09,-1.02767,,
-2.21E-09,-1.02514,,
-2.18E-09,-1.02145,,
-2.16E-09,-1.01624,,
-2.13E-09,-1.00938,,
-2.11E-09,-1.00114,,
-2.08E-09,-0.992376,,
-2.06E-09,-0.984136,,
-2.03E-09,-0.977644,,
-2.01E-09,-0.973705,,
-1.98E-09,-0.97254,,
-1.96E-09,-0.973538,,
-1.93E-09,-0.975647,,
-1.91E-09,-0.977534,,
-1.88E-09,-0.978116,,
-1.86E-09,-0.976895,,
-1.83E-09,-0.973955,,
-1.81E-09,-0.969765,,
-1.78E-09,-0.964938,,
-1.76E-09,-0.959944,,
-1.73E-09,-0.955089,,
-1.71E-09,-0.950567,,
-1.68E-09,-0.946517,,
-1.66E-09,-0.943076,,
-1.63E-09,-0.940191,,
-1.61E-09,-0.937722,,
-1.58E-09,-0.935336,,
-1.56E-09,-0.932811,,
-1.53E-09,-0.929982,,
-1.51E-09,-0.92718,,
-1.48E-09,-0.924683,,
-1.46E-09,-0.922935,,
-1.43E-09,-0.921797,,
-1.41E-09,-0.920826,,
-1.38E-09,-0.919273,,
-1.36E-09,-0.916443,,
-1.33E-09,-0.912226,,
-1.31E-09,-0.907288,,
-1.28E-09,-0.902793,,
-1.26E-09,-0.900047,,
-1.23E-09,-0.899714,,
-1.21E-09,-0.901656,,
-1.18E-09,-0.904902,,
-1.16E-09,-0.908175,,
-1.13E-09,-0.910339,,
-1.11E-09,-0.910922,,
-1.08E-09,-0.910062,,
-1.06E-09,-0.908675,,
-1.03E-09,-0.907815,,
-1.01E-09,-0.908397,,
-9.80E-10,-0.910672,,
-9.55E-10,-0.914418,,
-9.30E-10,-0.918607,,
-9.05E-10,-0.922158,,
-8.80E-10,-0.923878,,
-8.55E-10,-0.923074,,
-8.30E-10,-0.919606,,
-8.05E-10,-0.914223,,
-7.80E-10,-0.90812,,
-7.55E-10,-0.902793,,
-7.30E-10,-0.899381,,
-7.05E-10,-0.898521,,
-6.80E-10,-0.899852,,
-6.55E-10,-0.90246,,
-6.30E-10,-0.904929,,
-6.05E-10,-0.906122,,
-5.80E-10,-0.905595,,
-5.55E-10,-0.903681,,
-5.30E-10,-0.90124,,
-5.05E-10,-0.899519,,
-4.80E-10,-0.899409,,
-4.55E-10,-0.901323,,
-4.30E-10,-0.904874,,
-4.05E-10,-0.909257,,
-3.80E-10,-0.913447,,
-3.55E-10,-0.916526,,
-3.30E-10,-0.917969,,
-3.05E-10,-0.917719,,
-2.80E-10,-0.915943,,
-2.55E-10,-0.913058,,
-2.30E-10,-0.909341,,
-2.05E-10,-0.90504,,
-1.80E-10,-0.900269,,
-1.55E-10,-0.895386,,
-1.30E-10,-0.890836,,
-1.05E-10,-0.887118,,
-8.00E-11,-0.884455,,
-5.50E-11,-0.882763,,
-3.00E-11,-0.881292,,
-5.04E-12,-0.879184,,
2.00E-11,-0.875938,,
4.50E-11,-0.871859,,
7.00E-11,-0.867892,,
9.50E-11,-0.865589,,
1.20E-10,-0.865811,,
1.45E-10,-0.868419,,
1.70E-10,-0.871832,,
1.95E-10,-0.873829,,
2.20E-10,-0.872331,,
2.45E-10,-0.866588,,
2.70E-10,-0.857627,,
2.95E-10,-0.848028,,
3.20E-10,-0.840676,,
3.45E-10,-0.837624,,
3.70E-10,-0.83915,,
3.95E-10,-0.843756,,
4.20E-10,-0.848805,,
4.45E-10,-0.851884,,
4.70E-10,-0.851912,,
4.95E-10,-0.849609,,
5.20E-10,-0.846863,,
5.45E-10,-0.845642,,
5.70E-10,-0.846835,,
5.95E-10,-0.849804,,
6.20E-10,-0.852606,,
6.45E-10,-0.853133,,
6.70E-10,-0.850053,,
6.95E-10,-0.843839,,
7.20E-10,-0.836404,,
7.45E-10,-0.8303,,
7.70E-10,-0.827664,,
7.95E-10,-0.829357,,
8.20E-10,-0.834545,,
8.45E-10,-0.84137,,
8.70E-10,-0.847751,,
8.95E-10,-0.852384,,
9.20E-10,-0.855103,,
9.45E-10,-0.856739,,
9.70E-10,-0.858321,,
9.95E-10,-0.860485,,
1.02E-09,-0.863204,,
1.04E-09,-0.865867,,
1.07E-09,-0.867642,,
1.09E-09,-0.868392,,
1.12E-09,-0.868392,,
1.14E-09,-0.868447,,
1.17E-09,-0.869252,,
1.19E-09,-0.871083,,
1.22E-09,-0.873635,,
1.24E-09,-0.876298,,
1.27E-09,-0.878407,,
1.29E-09,-0.879739,,
1.32E-09,-0.880127,,
1.34E-09,-0.879822,,
1.37E-09,-0.878934,,
1.39E-09,-0.877686,,
1.42E-09,-0.876298,,
1.44E-09,-0.875216,,
1.47E-09,-0.874939,,
1.49E-09,-0.876076,,
1.52E-09,-0.878879,,
1.54E-09,-0.883179,,
1.57E-09,-0.88845,,
1.59E-09,-0.893971,,
1.62E-09,-0.898992,,
1.64E-09,-0.903182,,
1.67E-09,-0.906539,,
1.69E-09,-0.909368,,
1.72E-09,-0.912032,,
1.74E-09,-0.914695,,
1.77E-09,-0.917247,,
1.79E-09,-0.9193,,
1.82E-09,-0.920549,,
1.84E-09,-0.920965,,
1.87E-09,-0.920937,,
1.89E-09,-0.921242,,
1.92E-09,-0.92263,,
1.94E-09,-0.925459,,
1.97E-09,-0.929371,,
1.99E-09,-0.933422,,
2.02E-09,-0.93639,,
2.04E-09,-0.937417,,
2.07E-09,-0.936584,,
2.09E-09,-0.934726,,
2.12E-09,-0.933255,,
2.14E-09,-0.933477,,
2.17E-09,-0.935891,,
2.19E-09,-0.940247,,
2.22E-09,-0.945324,,
2.24E-09,-0.949624,,
2.27E-09,-0.951732,,
2.29E-09,-0.951122,,
2.32E-09,-0.94807,,
2.34E-09,-0.943714,,
2.37E-09,-0.939553,,
2.39E-09,-0.936973,,
2.42E-09,-0.936695,,
2.44E-09,-0.938943,,
2.47E-09,-0.943187,,
2.49E-09,-0.94857,,
2.52E-09,-0.954174,,
2.54E-09,-0.958946,,
2.57E-09,-0.962053,,
2.59E-09,-0.962996,,
2.62E-09,-0.961553,,
2.64E-09,-0.958169,,
2.67E-09,-0.953536,,
2.69E-09,-0.948681,,
2.72E-09,-0.944547,,
2.74E-09,-0.941745,,
2.77E-09,-0.940385,,
2.79E-09,-0.940108,,
2.82E-09,-0.940441,,
2.84E-09,-0.940996,,
2.87E-09,-0.941523,,
2.89E-09,-0.942161,,
2.92E-09,-0.942854,,
2.94E-09,-0.943465,,
2.97E-09,-0.943659,,
2.99E-09,-0.943049,,
3.02E-09,-0.941356,,
3.04E-09,-0.938887,,
3.07E-09,-0.936113,,
3.09E-09,-0.93381,,
3.12E-09,-0.932423,,
3.14E-09,-0.932035,,
3.17E-09,-0.932229,,
3.19E-09,-0.932312,,
3.22E-09,-0.931785,,
3.24E-09,-0.930703,,
3.27E-09,-0.929538,,
3.29E-09,-0.929038,,
3.32E-09,-0.929787,,
3.34E-09,-0.931785,,
3.37E-09,-0.934337,,
3.39E-09,-0.936446,,
3.42E-09,-0.937139,,
3.44E-09,-0.936002,,
3.47E-09,-0.933533,,
3.49E-09,-0.930842,,
3.52E-09,-0.929233,,
3.54E-09,-0.929649,,
3.57E-09,-0.932257,,
3.59E-09,-0.936307,,
3.62E-09,-0.940385,,
3.64E-09,-0.943076,,
3.67E-09,-0.94352,,
3.69E-09,-0.941939,,
3.72E-09,-0.939553,,
3.74E-09,-0.937944,,
3.77E-09,-0.938332,,
3.79E-09,-0.940996,,
3.82E-09,-0.944991,,
3.84E-09,-0.948514,,
3.87E-09,-0.949818,,
3.89E-09,-0.947931,,
3.92E-09,-0.943049,,
3.94E-09,-0.936418,,
3.97E-09,-0.929815,,
3.99E-09,-0.924988,,
4.02E-09,-0.922879,,
4.04E-09,-0.923684,,
4.07E-09,-0.926791,,
4.09E-09,-0.93123,,
4.12E-09,-0.935724,,
4.14E-09,-0.939359,,
4.17E-09,-0.941384,,
4.19E-09,-0.941689,,
4.22E-09,-0.940274,,
4.24E-09,-0.9375,,
4.27E-09,-0.933671,,
4.29E-09,-0.929316,,
4.32E-09,-0.924877,,
4.34E-09,-0.921076,,
4.37E-09,-0.918551,,
4.39E-09,-0.917775,,
4.42E-09,-0.918995,,
4.44E-09,-0.921853,,
4.47E-09,-0.925432,,
4.49E-09,-0.928511,,
4.52E-09,-0.930148,,
4.54E-09,-0.930009,,
4.57E-09,-0.928456,,
4.59E-09,-0.926458,,
4.62E-09,-0.925237,,
4.64E-09,-0.925681,,
4.67E-09,-0.927873,,
4.69E-09,-0.931147,,
4.72E-09,-0.934254,,
4.74E-09,-0.935974,,
4.77E-09,-0.935364,,
4.79E-09,-0.932395,,
4.82E-09,-0.927762,,
4.84E-09,-0.922741,,
4.87E-09,-0.918746,,
4.89E-09,-0.916831,,
4.92E-09,-0.917386,,
4.94E-09,-0.920133,,
4.97E-09,-0.924017,,
4.99E-09,-0.927707,,
5.02E-09,-0.929926,,
5.04E-09,-0.929898,,
5.07E-09,-0.927679,,
5.09E-09,-0.924072,,
5.12E-09,-0.920438,,
5.14E-09,-0.917996,,
5.17E-09,-0.917608,,
5.19E-09,-0.919189,,
5.22E-09,-0.922019,,
5.24E-09,-0.925099,,
5.27E-09,-0.92729,,
5.29E-09,-0.928206,,
5.32E-09,-0.92804,,
5.34E-09,-0.927401,,
5.37E-09,-0.927124,,
5.39E-09,-0.92779,,
5.42E-09,-0.92951,,
5.44E-09,-0.931979,,
5.47E-09,-0.934559,,
5.49E-09,-0.936723,,
5.52E-09,-0.93811,,
5.54E-09,-0.938776,,
5.57E-09,-0.93897,,
5.59E-09,-0.93897,,
5.62E-09,-0.938915,,
5.64E-09,-0.938665,,
5.67E-09,-0.937999,,
5.69E-09,-0.936973,,
5.72E-09,-0.935808,,
5.74E-09,-0.934975,,
5.77E-09,-0.934809,,
5.79E-09,-0.935308,,
5.82E-09,-0.936085,,
5.84E-09,-0.936584,,
5.87E-09,-0.936252,,
5.89E-09,-0.934948,,
5.92E-09,-0.932867,,
5.94E-09,-0.93062,,
5.97E-09,-0.929011,,
5.99E-09,-0.928983,,
6.02E-09,-0.93123,,
6.04E-09,-0.936057,,
6.07E-09,-0.943132,,
6.09E-09,-0.951649,,
6.12E-09,-0.960249,,
6.14E-09,-0.96749,,
6.17E-09,-0.971985,,
6.19E-09,-0.972873,,
6.22E-09,-0.970071,,
6.24E-09,-0.964355,,
6.27E-09,-0.957281,,
6.29E-09,-0.950761,,
6.32E-09,-0.946628,,
6.34E-09,-0.945962,,
6.37E-09,-0.948764,,
6.39E-09,-0.953924,,
6.42E-09,-0.959584,,
6.44E-09,-0.963801,,
6.47E-09,-0.965271,,
6.49E-09,-0.963773,,
6.52E-09,-0.960111,,
6.54E-09,-0.955838,,
6.57E-09,-0.952426,,
6.59E-09,-0.950845,,
6.62E-09,-0.951344,,
6.64E-09,-0.953452,,
6.67E-09,-0.956254,,
6.69E-09,-0.958973,,
6.72E-09,-0.961165,,
6.74E-09,-0.96283,,
6.77E-09,-0.964328,,
6.79E-09,-0.966159,,
6.82E-09,-0.968545,,
6.84E-09,-0.971375,,
6.87E-09,-0.974121,,
6.89E-09,-0.97598,,
6.92E-09,-0.976257,,
6.94E-09,-0.974509,,
6.97E-09,-0.971014,,
6.99E-09,-0.96663,,
7.02E-09,-0.962608,,
7.04E-09,-0.960305,,
7.07E-09,-0.960499,,
7.09E-09,-0.963107,,
7.12E-09,-0.966991,,
7.14E-09,-0.970514,,
7.17E-09,-0.972096,,
7.19E-09,-0.970875,,
7.22E-09,-0.967185,,
7.24E-09,-0.962386,,
7.27E-09,-0.958252,,
7.29E-09,-0.956282,,
7.32E-09,-0.957004,,
7.34E-09,-0.959778,,
7.37E-09,-0.962996,,
7.39E-09,-0.964799,,
7.42E-09,-0.963828,,
7.44E-09,-0.95975,,
7.47E-09,-0.953397,,
7.49E-09,-0.946517,,
7.52E-09,-0.941023,,
7.54E-09,-0.93836,,
7.57E-09,-0.93897,,
7.59E-09,-0.942105,,
7.62E-09,-0.946378,,
7.64E-09,-0.950123,,
7.67E-09,-0.951982,,
7.69E-09,-0.95151,,
7.72E-09,-0.948958,,
7.74E-09,-0.945213,,
7.77E-09,-0.941218,,
7.79E-09,-0.937916,,
7.82E-09,-0.935752,,
7.84E-09,-0.934753,,
7.87E-09,-0.934531,,
7.89E-09,-0.934698,,
7.92E-09,-0.934781,,
7.94E-09,-0.934504,,
7.97E-09,-0.93381,,
7.99E-09,-0.932839,,
8.02E-09,-0.931979,,
8.04E-09,-0.931563,,
8.07E-09,-0.931757,,
8.09E-09,-0.932451,,
8.12E-09,-0.933339,,
8.14E-09,-0.933921,,
8.17E-09,-0.933755,,
8.19E-09,-0.932673,,
8.22E-09,-0.930842,,
8.24E-09,-0.928789,,
8.27E-09,-0.926958,,
8.29E-09,-0.925848,,
8.32E-09,-0.925598,,
8.34E-09,-0.926042,,
8.37E-09,-0.926736,,
8.39E-09,-0.927096,,
8.42E-09,-0.92668,,
8.44E-09,-0.925404,,
8.47E-09,-0.923739,,
8.49E-09,-0.922463,,
8.52E-09,-0.922435,,
8.54E-09,-0.924017,,
8.57E-09,-0.926874,,
8.59E-09,-0.93012,,
8.62E-09,-0.932451,,
8.64E-09,-0.932922,,
8.67E-09,-0.931091,,
8.69E-09,-0.927346,,
8.72E-09,-0.922546,,
8.74E-09,-0.918052,,
8.77E-09,-0.915,,
8.79E-09,-0.914307,,
8.82E-09,-0.91636,,
8.84E-09,-0.921104,,
8.87E-09,-0.927873,,
8.89E-09,-0.935697,,
8.92E-09,-0.943271,,
8.94E-09,-0.949541,,
8.97E-09,-0.953702,,
8.99E-09,-0.955422,,
9.02E-09,-0.954978,,
9.04E-09,-0.953147,,
9.07E-09,-0.950678,,
9.09E-09,-0.948403,,
9.12E-09,-0.946739,,
9.14E-09,-0.945851,,
9.17E-09,-0.945573,,
9.19E-09,-0.945684,,
9.22E-09,-0.946156,,
9.24E-09,-0.947071,,
9.27E-09,-0.948514,,
9.29E-09,-0.950567,,
9.32E-09,-0.953008,,
9.34E-09,-0.955394,,
9.37E-09,-0.957142,,
9.39E-09,-0.957753,,
9.42E-09,-0.95692,,
9.44E-09,-0.954951,,
9.47E-09,-0.952426,,
9.49E-09,-0.950206,,
9.52E-09,-0.949069,,
9.54E-09,-0.949624,,
9.57E-09,-0.952065,,
9.59E-09,-0.956338,,
9.62E-09,-0.961914,,
9.64E-09,-0.968129,,
9.67E-09,-0.973844,,
9.69E-09,-0.97795,,
9.72E-09,-0.979559,,
9.74E-09,-0.978366,,
9.77E-09,-0.974704,,
9.79E-09,-0.969627,,
9.82E-09,-0.964355,,
9.84E-09,-0.960083,,
9.87E-09,-0.957336,,
9.89E-09,-0.955783,,
9.92E-09,-0.954562,,
9.94E-09,-0.952731,,
9.97E-09,-0.949735,,
9.99E-09,-0.946073,,
1.00E-08,-0.942938,,
1.00E-08,-0.94205,,
1.01E-08,-0.944519,,
1.01E-08,-0.950539,,
1.01E-08,-0.959001,,
1.01E-08,-0.967768,,
1.02E-08,-0.974315,,
1.02E-08,-0.976673,,
1.02E-08,-0.974093,,
1.02E-08,-0.967352,,
1.03E-08,-0.958557,,
1.03E-08,-0.950456,,
1.03E-08,-0.945546,,
1.03E-08,-0.945296,,
1.04E-08,-0.949568,,
1.04E-08,-0.956809,,
1.04E-08,-0.964466,,
1.04E-08,-0.970209,,
1.05E-08,-0.972429,,
1.05E-08,-0.971069,,
1.05E-08,-0.967407,,
1.05E-08,-0.963523,,
1.06E-08,-0.961248,,
1.06E-08,-0.961664,,
1.06E-08,-0.964522,,
1.06E-08,-0.968545,,
1.07E-08,-0.971957,,
1.07E-08,-0.973511,,
1.07E-08,-0.972734,,
1.07E-08,-0.970265,,
1.08E-08,-0.967435,,
1.08E-08,-0.965715,,
1.08E-08,-0.966159,,
1.08E-08,-0.968961,,
1.09E-08,-0.973455,,
1.09E-08,-0.978366,,
1.09E-08,-0.982333,,
1.09E-08,-0.984164,,
1.10E-08,-0.983498,,
1.10E-08,-0.980613,,
1.10E-08,-0.976535,,
1.10E-08,-0.972512,,
1.11E-08,-0.969571,,
1.11E-08,-0.96835,,
1.11E-08,-0.968767,,
1.11E-08,-0.970403,,
1.12E-08,-0.972567,,
1.12E-08,-0.974648,,
1.12E-08,-0.976174,,
1.12E-08,-0.976895,,
1.13E-08,-0.976646,,
1.13E-08,-0.975619,,
1.13E-08,-0.974149,,
1.13E-08,-0.972678,,
1.14E-08,-0.971652,,
1.14E-08,-0.971291,,
1.14E-08,-0.971652,,
1.14E-08,-0.97254,,
1.15E-08,-0.973705,,
1.15E-08,-0.974926,,
1.15E-08,-0.976119,,
1.15E-08,-0.977284,,
1.16E-08,-0.978449,,
1.16E-08,-0.979836,,
1.16E-08,-0.981806,,
1.16E-08,-0.984858,,
1.17E-08,-0.989352,,
1.17E-08,-0.995456,,
1.17E-08,-1.00264,,
1.17E-08,-1.00999,,
1.18E-08,-1.01635,,
1.18E-08,-1.0209,,
1.18E-08,-1.02378,,
1.18E-08,-1.02592,,
1.19E-08,-1.02869,,
1.19E-08,-1.03335,,
1.19E-08,-1.04023,,
1.19E-08,-1.04872,,
1.20E-08,-1.05749,,
1.20E-08,-1.06506,,
1.20E-08,-1.07061,,
1.20E-08,-1.07425,,
1.21E-08,-1.07683,,
1.21E-08,-1.07966,,
1.21E-08,-1.08371,,
1.21E-08,-1.08914,,
1.22E-08,-1.09533,,
1.22E-08,-1.1011,,
1.22E-08,-1.10524,,
1.22E-08,-1.10732,,
1.23E-08,-1.10743,,
1.23E-08,-1.10643,,
1.23E-08,-1.10526,,
1.23E-08,-1.10468,,
1.24E-08,-1.1051,,
1.24E-08,-1.10648,,
1.24E-08,-1.10873,,
1.24E-08,-1.11178,,
1.25E-08,-1.11539,,
1.25E-08,-1.11936,,
1.25E-08,-1.12327,,
1.25E-08,-1.1266,,
1.26E-08,-1.12879,,
1.26E-08,-1.12946,,
1.26E-08,-1.12848,,
1.26E-08,-1.12613,,
1.27E-08,-1.12296,,
1.27E-08,-1.11977,,
1.27E-08,-1.11736,,
1.27E-08,-1.11631,,
1.28E-08,-1.11669,,
1.28E-08,-1.11811,,
1.28E-08,-1.11988,,
1.28E-08,-1.12135,,
1.29E-08,-1.12216,,
1.29E-08,-1.12244,,
1.29E-08,-1.1226,,
1.29E-08,-1.12307,,
1.30E-08,-1.12391,,
1.30E-08,-1.12474,,
1.30E-08,-1.12482,,
1.30E-08,-1.1236,,
1.31E-08,-1.12069,,
1.31E-08,-1.11639,,
1.31E-08,-1.11123,,
1.31E-08,-1.1059,,
1.32E-08,-1.10107,,
1.32E-08,-1.0975,,
1.32E-08,-1.09578,,
1.32E-08,-1.09639,,
1.33E-08,-1.09922,,
1.33E-08,-1.10349,,
1.33E-08,-1.10773,,
1.33E-08,-1.11017,,
1.34E-08,-1.10926,,
1.34E-08,-1.10421,,
1.34E-08,-1.09544,,
1.34E-08,-1.0844,,
1.35E-08,-1.073,,
1.35E-08,-1.06312,,
1.35E-08,-1.05596,,
1.35E-08,-1.05164,,
1.36E-08,-1.04953,,
1.36E-08,-1.04861,,
1.36E-08,-1.048,,
1.36E-08,-1.04725,,
1.37E-08,-1.04639,,
1.37E-08,-1.04578,,
1.37E-08,-1.04567,,
1.37E-08,-1.04595,,
1.38E-08,-1.04603,,
1.38E-08,-1.04514,,
1.38E-08,-1.04265,,
1.38E-08,-1.03857,,
1.39E-08,-1.03355,,
1.39E-08,-1.02891,,
1.39E-08,-1.02592,,
1.39E-08,-1.02536,,
1.40E-08,-1.02708,,
1.40E-08,-1.03,,
1.40E-08,-1.03238,,
1.40E-08,-1.03277,,
1.41E-08,-1.03052,,
1.41E-08,-1.02617,,
1.41E-08,-1.02112,,
1.41E-08,-1.01715,,
1.42E-08,-1.01538,,
1.42E-08,-1.0159,,
1.42E-08,-1.01771,,
1.42E-08,-1.01929,,
1.43E-08,-1.01926,,
1.43E-08,-1.01704,,
1.43E-08,-1.01302,,
1.43E-08,-1.00822,,
1.44E-08,-1.00397,,
1.44E-08,-1.00128,,
1.44E-08,-1.00064,,
1.44E-08,-1.00198,,
1.45E-08,-1.00467,,
1.45E-08,-1.00811,,
1.45E-08,-1.0116,,
1.45E-08,-1.01457,,
1.46E-08,-1.01651,,
1.46E-08,-1.01693,,
1.46E-08,-1.01568,,
1.46E-08,-1.01291,,
1.47E-08,-1.00911,,
1.47E-08,-1.00528,,
1.47E-08,-1.00236,,
1.47E-08,-1.00109,,
1.48E-08,-1.00153,,
1.48E-08,-1.00317,,
1.48E-08,-1.00505,,
1.48E-08,-1.00622,,
1.49E-08,-1.00603,,
1.49E-08,-1.00458,,
1.49E-08,-1.00242,,
1.49E-08,-1.00006,,
1.50E-08,-0.998036,,
1.50E-08,-0.996427,,
1.50E-08,-0.995012,,
1.50E-08,-0.99343,,
1.51E-08,-0.991461,,
1.51E-08,-0.98913,,
1.51E-08,-0.986717,,
1.51E-08,-0.984442,,
1.52E-08,-0.982638,,
1.52E-08,-0.981473,,
1.52E-08,-0.980974,,
1.52E-08,-0.981307,,
1.53E-08,-0.982472,,
1.53E-08,-0.984386,,
1.53E-08,-0.986855,,
1.53E-08,-0.98938,,
1.54E-08,-0.9911,,
1.54E-08,-0.991183,,
1.54E-08,-0.989158,,
1.54E-08,-0.985163,,
1.55E-08,-0.979947,,
1.55E-08,-0.974842,,
1.55E-08,-0.971375,,
1.55E-08,-0.970487,,
1.56E-08,-0.972151,,
1.56E-08,-0.975591,,
1.56E-08,-0.979337,,
1.56E-08,-0.982194,,
1.57E-08,-0.983443,,
1.57E-08,-0.983304,,
1.57E-08,-0.982583,,
1.57E-08,-0.982083,,
1.58E-08,-0.982305,,
1.58E-08,-0.98311,,
1.58E-08,-0.983859,,
1.58E-08,-0.983859,,
1.59E-08,-0.982694,,
1.59E-08,-0.98053,,
1.59E-08,-0.977894,,
1.59E-08,-0.975564,,
1.60E-08,-0.97401,,
1.60E-08,-0.973289,,
1.60E-08,-0.973095,,
1.60E-08,-0.973122,,
1.61E-08,-0.973178,,
1.61E-08,-0.973483,,
1.61E-08,-0.974482,,
1.61E-08,-0.976479,,
1.62E-08,-0.979392,,
1.62E-08,-0.982555,,
1.62E-08,-0.984802,,
1.62E-08,-0.985218,,
1.63E-08,-0.983443,,
1.63E-08,-0.98003,,
1.63E-08,-0.97623,,
1.63E-08,-0.973428,,
1.64E-08,-0.972484,,
1.64E-08,-0.973566,,
1.64E-08,-0.975897,,
1.64E-08,-0.978394,,
1.65E-08,-0.980003,,
1.65E-08,-0.980225,,
1.65E-08,-0.979281,,
1.65E-08,-0.977755,,
1.66E-08,-0.976341,,
1.66E-08,-0.975647,,
1.66E-08,-0.975758,,
1.66E-08,-0.976729,,
1.67E-08,-0.978283,,
1.67E-08,-0.980225,,
1.67E-08,-0.982222,,
1.67E-08,-0.983803,,
1.68E-08,-0.984386,,
1.68E-08,-0.98336,,
1.68E-08,-0.980641,,
1.68E-08,-0.976784,,
1.69E-08,-0.972817,,
1.69E-08,-0.970126,,
1.69E-08,-0.969488,,
1.69E-08,-0.971014,,
1.70E-08,-0.973677,,
1.70E-08,-0.975952,,
1.70E-08,-0.976507,,
1.70E-08,-0.974787,,
1.71E-08,-0.971097,,
1.71E-08,-0.966658,,
1.71E-08,-0.962746,,
1.71E-08,-0.960444,,
1.72E-08,-0.96,,
1.72E-08,-0.961193,,
1.72E-08,-0.963301,,
1.72E-08,-0.965548,,
1.73E-08,-0.967407,,
1.73E-08,-0.968683,,
1.73E-08,-0.969543,,
1.73E-08,-0.970403,,
1.74E-08,-0.971485,,
1.74E-08,-0.972651,,
1.74E-08,-0.973206,,
1.74E-08,-0.972346,,
1.75E-08,-0.969322,,
1.75E-08,-0.964161,,
1.75E-08,-0.957697,,
1.75E-08,-0.951427,,
1.76E-08,-0.946933,,
1.76E-08,-0.945462,,
1.76E-08,-0.947182,,
1.76E-08,-0.951399,,
1.77E-08,-0.956782,,
1.77E-08,-0.961914,,
1.77E-08,-0.96577,,
1.77E-08,-0.968101,,
1.78E-08,-0.969238,,
1.78E-08,-0.969627,,
1.78E-08,-0.969432,,
1.78E-08,-0.968434,,
1.79E-08,-0.966076,,
1.79E-08,-0.962164,,
1.79E-08,-0.956976,,
1.79E-08,-0.951483,,
1.80E-08,-0.946988,,
1.80E-08,-0.944686,,
1.80E-08,-0.945157,,
1.80E-08,-0.948181,,
1.81E-08,-0.952648,,
1.81E-08,-0.957031,,
1.81E-08,-0.959917,,
1.81E-08,-0.96036,,
1.82E-08,-0.958141,,
1.82E-08,-0.953896,,
1.82E-08,-0.948819,,
1.82E-08,-0.94438,,
1.83E-08,-0.9418,,
1.83E-08,-0.941772,,
1.83E-08,-0.944325,,
1.83E-08,-0.948792,,
1.84E-08,-0.953952,,
1.84E-08,-0.958502,,
1.84E-08,-0.961359,,
1.84E-08,-0.961831,,
1.85E-08,-0.959861,,
1.85E-08,-0.956143,,
1.85E-08,-0.951538,,
1.85E-08,-0.947182,,
1.86E-08,-0.943964,,
1.86E-08,-0.942411,,
1.86E-08,-0.942522,,
1.86E-08,-0.943798,,
1.87E-08,-0.945601,,
1.87E-08,-0.947182,,
1.87E-08,-0.948098,,
1.87E-08,-0.948181,,
1.88E-08,-0.947654,,
1.88E-08,-0.946877,,
1.88E-08,-0.946322,,
1.88E-08,-0.946378,,
1.89E-08,-0.94721,,
1.89E-08,-0.948764,,
1.89E-08,-0.950567,,
1.89E-08,-0.951926,,
1.90E-08,-0.952148,,
1.90E-08,-0.950567,,
1.90E-08,-0.947182,,
1.90E-08,-0.942383,,
1.91E-08,-0.937195,,
1.91E-08,-0.932728,,
1.91E-08,-0.930037,,
1.91E-08,-0.929538,,
1.92E-08,-0.931036,,
1.92E-08,-0.933838,,
1.92E-08,-0.937056,,
1.92E-08,-0.939997,,
1.93E-08,-0.942216,,
1.93E-08,-0.943687,,
1.93E-08,-0.944436,,
1.93E-08,-0.944602,,
1.94E-08,-0.944325,,
1.94E-08,-0.943687,,
1.94E-08,-0.942938,,
1.94E-08,-0.942244,,
1.95E-08,-0.941772,,
1.95E-08,-0.941634,,
1.95E-08,-0.941828,,
1.95E-08,-0.942189,,
1.96E-08,-0.942605,,
1.96E-08,-0.942938,,
1.96E-08,-0.943243,,
1.96E-08,-0.943604,,
1.97E-08,-0.943964,,
1.97E-08,-0.944325,,
1.97E-08,-0.944519,,
1.97E-08,-0.944325,,
1.98E-08,-0.943548,,
1.98E-08,-0.942133,,
1.98E-08,-0.940219,,
1.98E-08,-0.938249,,
1.99E-08,-0.936668,,
1.99E-08,-0.936085,,
1.99E-08,-0.936751,,
1.99E-08,-0.938527,,
2.00E-08,-0.940885,,
2.00E-08,-0.943104,,
2.00E-08,-0.944464,,
2.00E-08,-0.94463,,
2.01E-08,-0.943604,,
2.01E-08,-0.941994,,
2.01E-08,-0.940413,,
2.01E-08,-0.939359,,
2.02E-08,-0.938887,,
2.02E-08,-0.938637,,
2.02E-08,-0.938194,,
2.02E-08,-0.937028,,
2.03E-08,-0.935059,,
2.03E-08,-0.932617,,
2.03E-08,-0.930342,,
2.03E-08,-0.928983,,
2.04E-08,-0.928983,,
2.04E-08,-0.930481,,
2.04E-08,-0.933172,,
2.04E-08,-0.936612,,
2.05E-08,-0.940219,,
2.05E-08,-0.94352,,
2.05E-08,-0.946184,,
2.05E-08,-0.948126,,
2.06E-08,-0.94918,,
2.06E-08,-0.949319,,
2.06E-08,-0.948514,,
2.06E-08,-0.946905,,
2.07E-08,-0.94463,,
2.07E-08,-0.942161,,
2.07E-08,-0.939914,,
2.07E-08,-0.938305,,
2.08E-08,-0.937417,,
2.08E-08,-0.937001,,
2.08E-08,-0.936695,,
2.08E-08,-0.936168,,
2.09E-08,-0.93517,,
2.09E-08,-0.933893,,
2.09E-08,-0.932673,,
2.09E-08,-0.93184,,
2.10E-08,-0.931591,,
2.10E-08,-0.931924,,
2.10E-08,-0.932506,,
2.10E-08,-0.93295,,
2.11E-08,-0.932867,,
2.11E-08,-0.93209,,
2.11E-08,-0.930703,,
2.11E-08,-0.928983,,
2.12E-08,-0.927235,,
2.12E-08,-0.925626,,
2.12E-08,-0.924433,,
2.12E-08,-0.923767,,
2.13E-08,-0.923739,,
2.13E-08,-0.924488,,
2.13E-08,-0.925848,,
2.13E-08,-0.927401,,
2.14E-08,-0.9284,,
2.14E-08,-0.92804,,
2.14E-08,-0.925765,,
2.14E-08,-0.921853,,
2.15E-08,-0.917275,,
2.15E-08,-0.913669,,
2.15E-08,-0.912476,,
2.15E-08,-0.914501,,
2.16E-08,-0.9193,,
2.16E-08,-0.925515,,
2.16E-08,-0.931064,,
2.16E-08,-0.93431,,
2.17E-08,-0.934365,,
2.17E-08,-0.931646,,
2.17E-08,-0.927512,,
2.17E-08,-0.923684,,
2.18E-08,-0.921603,,
2.18E-08,-0.922047,,
2.18E-08,-0.924794,,
2.18E-08,-0.928844,,
2.19E-08,-0.932811,,
2.19E-08,-0.935419,,
2.19E-08,-0.93578,,
2.19E-08,-0.933782,,
2.20E-08,-0.929926,,
2.20E-08,-0.925182,,
2.20E-08,-0.920632,,
2.20E-08,-0.91722,,
2.21E-08,-0.915444,,
2.21E-08,-0.915416,,
2.21E-08,-0.916859,,
2.21E-08,-0.919273,,
2.22E-08,-0.922102,,
2.22E-08,-0.924794,,
2.22E-08,-0.926874,,
2.22E-08,-0.927984,,
2.23E-08,-0.927956,,
2.23E-08,-0.926847,,
2.23E-08,-0.924821,,
2.23E-08,-0.922186,,
2.24E-08,-0.919273,,
2.24E-08,-0.916498,,
2.24E-08,-0.914251,,
2.24E-08,-0.912947,,
2.25E-08,-0.912781,,
2.25E-08,-0.913863,,
2.25E-08,-0.915916,,
2.25E-08,-0.918329,,
2.26E-08,-0.920244,,
2.26E-08,-0.920965,,
2.26E-08,-0.920077,,
2.26E-08,-0.91783,,
2.27E-08,-0.914917,,
2.27E-08,-0.912448,,
2.27E-08,-0.911283,,
2.27E-08,-0.911782,,
2.28E-08,-0.913585,,
2.28E-08,-0.915749,,
2.28E-08,-0.917275,,
2.28E-08,-0.917469,,
2.29E-08,-0.916165,,
2.29E-08,-0.914029,,
2.29E-08,-0.911976,,
2.29E-08,-0.910977,,
2.30E-08,-0.911449,,
2.30E-08,-0.913169,,
2.30E-08,-0.915361,,
2.30E-08,-0.916998,,
2.31E-08,-0.917331,,
2.31E-08,-0.916138,,
2.31E-08,-0.91378,,
2.31E-08,-0.91095,,
2.32E-08,-0.908481,,
2.32E-08,-0.906927,,
2.32E-08,-0.906428,,
2.32E-08,-0.906871,,
2.33E-08,-0.907731,,
2.33E-08,-0.908508,,
2.33E-08,-0.908869,,
2.33E-08,-0.908703,,
2.34E-08,-0.908037,,
2.34E-08,-0.907177,,
2.34E-08,-0.9064,,
2.34E-08,-0.906039,,
2.35E-08,-0.906206,,
2.35E-08,-0.906733,,
2.35E-08,-0.907232,,
2.35E-08,-0.907204,,
2.36E-08,-0.906317,,
2.36E-08,-0.904513,,
2.36E-08,-0.902405,,
2.36E-08,-0.900907,,
2.37E-08,-0.90099,,
2.37E-08,-0.903376,,
2.37E-08,-0.907898,,
2.37E-08,-0.913447,,
2.38E-08,-0.91844,,
2.38E-08,-0.921187,,
2.38E-08,-0.920743,,
2.38E-08,-0.917442,,
2.39E-08,-0.912614,,
2.39E-08,-0.908314,,
2.39E-08,-0.906178,,
2.39E-08,-0.906594,,
2.40E-08,-0.908647,,
2.40E-08,-0.910506,,
2.40E-08,-0.910506,,
2.40E-08,-0.908037,,
2.41E-08,-0.904014,,
2.41E-08,-0.900574,,
2.41E-08,-0.899908,,
2.41E-08,-0.903126,,
2.42E-08,-0.909313,,
2.42E-08,-0.91586,,
2.42E-08,-0.919522,,
2.42E-08,-0.917913,,
2.43E-08,-0.910617,,
2.43E-08,-0.899575,,
2.43E-08,-0.888339,,
2.43E-08,-0.88046,,
2.44E-08,-0.878351,,
2.44E-08,-0.882097,,
2.44E-08,-0.889837,,
2.44E-08,-0.898632,,
2.45E-08,-0.905678,,
2.45E-08,-0.909424,,
2.45E-08,-0.909757,,
2.45E-08,-0.907842,,
2.46E-08,-0.905401,,
2.46E-08,-0.903847,,
2.46E-08,-0.90382,,
2.46E-08,-0.904985,,
2.47E-08,-0.906233,,
2.47E-08,-0.906317,,
2.47E-08,-0.904319,,
2.47E-08,-0.900019,,
2.48E-08,-0.894054,,
2.48E-08,-0.887729,,
2.48E-08,-0.882707,,
2.48E-08,-0.880349,,
2.49E-08,-0.881348,,
2.49E-08,-0.885426,,
2.49E-08,-0.891391,,
2.49E-08,-0.897466,,
2.50E-08,-0.901933,,
2.50E-08,-0.903459,,
2.50E-08,-0.901711,,
2.50E-08,-0.897411,,
2.51E-08,-0.892057,,
2.51E-08,-0.887479,,
2.51E-08,-0.884982,,
2.51E-08,-0.885065,,
2.52E-08,-0.887146,,
2.52E-08,-0.889976,,
2.52E-08,-0.892251,,
2.52E-08,-0.893416,,
2.53E-08,-0.893638,,
2.53E-08,-0.893915,,
2.53E-08,-0.895108,,
2.53E-08,-0.897466,,
2.54E-08,-0.90038,,
2.54E-08,-0.902571,,
2.54E-08,-0.902738,,
2.54E-08,-0.900241,,
2.55E-08,-0.89533,,
2.55E-08,-0.889338,,
2.55E-08,-0.883817,,
2.55E-08,-0.879988,,
2.56E-08,-0.878296,,
2.56E-08,-0.878407,,
2.56E-08,-0.879572,,
2.56E-08,-0.881153,,
2.57E-08,-0.882679,,
2.57E-08,-0.884094,,
2.57E-08,-0.885481,,
2.57E-08,-0.886702,,
2.58E-08,-0.88759,,
2.58E-08,-0.887978,,
2.58E-08,-0.887701,,
2.58E-08,-0.886896,,
2.59E-08,-0.885731,,
2.59E-08,-0.884621,,
2.59E-08,-0.883623,,
2.59E-08,-0.882596,,
2.60E-08,-0.881403,,
2.60E-08,-0.880016,,
2.60E-08,-0.878657,,
2.60E-08,-0.877963,,
2.61E-08,-0.878657,,
2.61E-08,-0.881181,,
2.61E-08,-0.885259,,
2.61E-08,-0.889893,,
2.62E-08,-0.893527,,
2.62E-08,-0.894637,,
2.62E-08,-0.892417,,
2.62E-08,-0.887229,,
2.63E-08,-0.880266,,
2.63E-08,-0.873302,,
2.63E-08,-0.867809,,
2.63E-08,-0.864591,,
2.64E-08,-0.863536,,
2.64E-08,-0.864147,,
2.64E-08,-0.865839,,
2.64E-08,-0.868281,,
2.65E-08,-0.871443,,
2.65E-08,-0.875411,,
2.65E-08,-0.880016,,
2.65E-08,-0.88476,,
2.66E-08,-0.888644,,
2.66E-08,-0.89078,,
2.66E-08,-0.890558,,
2.66E-08,-0.888089,,
2.67E-08,-0.884066,,
2.67E-08,-0.879655,,
2.67E-08,-0.875882,,
2.67E-08,-0.873413,,
2.68E-08,-0.87222,,
2.68E-08,-0.871915,,
2.68E-08,-0.872026,,
2.68E-08,-0.872303,,
2.69E-08,-0.872914,,
2.69E-08,-0.874218,,
2.69E-08,-0.876465,,
2.69E-08,-0.87935,,
2.70E-08,-0.881986,,
2.70E-08,-0.883123,,
2.70E-08,-0.881653,,
2.70E-08,-0.877353,,
2.71E-08,-0.870999,,
2.71E-08,-0.864452,,
2.71E-08,-0.859736,,
2.71E-08,-0.858515,,
2.72E-08,-0.861234,,
2.72E-08,-0.866921,,
2.72E-08,-0.873552,,
2.72E-08,-0.879073,,
2.73E-08,-0.881736,,
2.73E-08,-0.881098,,
2.73E-08,-0.877686,,
2.73E-08,-0.872858,,
2.74E-08,-0.868059,,
2.74E-08,-0.864508,,
2.74E-08,-0.86276,,
2.74E-08,-0.862926,,
2.75E-08,-0.864591,,
2.75E-08,-0.867226,,
2.75E-08,-0.870139,,
2.75E-08,-0.872553,,
2.76E-08,-0.87358,,
2.76E-08,-0.872553,,
2.76E-08,-0.869252,,
2.76E-08,-0.864369,,
2.77E-08,-0.85932,,
2.77E-08,-0.855852,,
2.77E-08,-0.855491,,
2.77E-08,-0.858487,,
2.78E-08,-0.863786,,
2.78E-08,-0.869279,,
2.78E-08,-0.872747,,
2.78E-08,-0.872747,,
2.79E-08,-0.869196,,
2.79E-08,-0.863481,,
2.79E-08,-0.857738,,
2.79E-08,-0.853771,,
2.80E-08,-0.852495,,
2.80E-08,-0.85366,,
2.80E-08,-0.856074,,
2.80E-08,-0.858487,,
2.81E-08,-0.859791,,
2.81E-08,-0.85993,,
2.81E-08,-0.85932,,
2.81E-08,-0.858681,,
2.82E-08,-0.858515,,
2.82E-08,-0.858903,,
2.82E-08,-0.859569,,
2.82E-08,-0.860069,,
2.83E-08,-0.86018,,
2.83E-08,-0.859902,,
2.83E-08,-0.859458,,
2.83E-08,-0.85907,,
2.84E-08,-0.858543,,
2.84E-08,-0.857544,,
2.84E-08,-0.855741,,
2.84E-08,-0.853355,,
2.85E-08,-0.851024,,
2.85E-08,-0.849831,,
2.85E-08,-0.850802,,
2.85E-08,-0.854132,,
2.86E-08,-0.859181,,
2.86E-08,-0.864341,,
2.86E-08,-0.867698,,
2.86E-08,-0.867809,,
2.87E-08,-0.864091,,
2.87E-08,-0.857267,,
2.87E-08,-0.849055,,
2.87E-08,-0.841619,,
2.88E-08,-0.836737,,
2.88E-08,-0.835405,,
2.88E-08,-0.837541,,
2.88E-08,-0.842146,,
2.89E-08,-0.847751,,
2.89E-08,-0.852939,,
2.89E-08,-0.856656,,
2.89E-08,-0.858293,,
2.90E-08,-0.857849,,
2.90E-08,-0.855602,,
2.90E-08,-0.852162,,
2.90E-08,-0.848056,,
2.91E-08,-0.843867,,
2.91E-08,-0.840093,,
2.91E-08,-0.836958,,
2.91E-08,-0.834517,,
2.92E-08,-0.832852,,
2.92E-08,-0.831937,,
2.92E-08,-0.831937,,
2.92E-08,-0.833047,,
2.93E-08,-0.835322,,
2.93E-08,-0.838623,,
2.93E-08,-0.842479,,
2.93E-08,-0.846086,,
2.94E-08,-0.848555,,
2.94E-08,-0.849249,,
2.94E-08,-0.847889,,
2.94E-08,-0.844976,,
2.95E-08,-0.841203,,
2.95E-08,-0.837652,,
2.95E-08,-0.835044,,
2.95E-08,-0.833712,,
2.96E-08,-0.833352,,
2.96E-08,-0.83338,,
2.96E-08,-0.83313,,
2.96E-08,-0.832381,,
2.97E-08,-0.831438,,
2.97E-08,-0.830966,,
2.97E-08,-0.831632,,
2.97E-08,-0.833851,,
2.98E-08,-0.83718,,
2.98E-08,-0.840593,,
2.98E-08,-0.842618,,
2.98E-08,-0.842119,,
2.99E-08,-0.838512,,
2.99E-08,-0.832492,,
2.99E-08,-0.825556,,
2.99E-08,-0.819647,,
3.00E-08,-0.816206,,
3.00E-08,-0.815818,,
3.00E-08,-0.81801,,
3.00E-08,-0.821727,,
3.01E-08,-0.825556,,
3.01E-08,-0.828719,,
3.01E-08,-0.830744,,
3.01E-08,-0.831604,,
3.02E-08,-0.831271,,
3.02E-08,-0.829773,,
3.02E-08,-0.827082,,
3.02E-08,-0.82342,,
3.03E-08,-0.819175,,
3.03E-08,-0.815097,,
3.03E-08,-0.812073,,
3.03E-08,-0.810797,,
3.04E-08,-0.811629,,
3.04E-08,-0.814486,,
3.04E-08,-0.81862,,
3.04E-08,-0.823059,,
3.05E-08,-0.82661,,
3.05E-08,-0.828497,,
3.05E-08,-0.828525,,
3.05E-08,-0.82711,,
3.06E-08,-0.82514,,
3.06E-08,-0.823586,,
3.06E-08,-0.823031,,
3.06E-08,-0.823558,,
3.07E-08,-0.824668,,
3.07E-08,-0.825584,,
3.07E-08,-0.825722,,
3.07E-08,-0.824973,,
3.08E-08,-0.82378,,
3.08E-08,-0.822837,,
3.08E-08,-0.822754,,
3.08E-08,-0.823586,,
3.09E-08,-0.824918,,
3.09E-08,-0.826028,,
3.09E-08,-0.826166,,
3.09E-08,-0.825084,,
3.10E-08,-0.822976,,
3.10E-08,-0.820479,,
3.10E-08,-0.818481,,
3.10E-08,-0.817788,,
3.11E-08,-0.818787,,
3.11E-08,-0.821367,,
3.11E-08,-0.824918,,
3.11E-08,-0.828525,,
3.12E-08,-0.831216,,
3.12E-08,-0.832353,,
3.12E-08,-0.831881,,
3.12E-08,-0.8303,,
3.13E-08,-0.828386,,
3.13E-08,-0.826888,,
3.13E-08,-0.826166,,
3.13E-08,-0.82625,,
3.14E-08,-0.826666,,
3.14E-08,-0.827082,,
3.14E-08,-0.827221,,
3.14E-08,-0.826943,,
3.15E-08,-0.826194,,
3.15E-08,-0.824862,,
3.15E-08,-0.822782,,
3.15E-08,-0.819813,,
3.16E-08,-0.816012,,
3.16E-08,-0.811629,,
3.16E-08,-0.807301,,
3.16E-08,-0.803972,,
3.17E-08,-0.80239,,
3.17E-08,-0.803084,,
3.17E-08,-0.805997,,
3.17E-08,-0.810408,,
3.18E-08,-0.814986,,
3.18E-08,-0.818315,,
3.18E-08,-0.819258,,
3.18E-08,-0.817483,,
3.19E-08,-0.813543,,
3.19E-08,-0.808827,,
3.19E-08,-0.804943,,
3.19E-08,-0.803223,,
3.20E-08,-0.80411,,
3.20E-08,-0.806968,,
3.20E-08,-0.810408,,
3.20E-08,-0.812933,,
3.21E-08,-0.81346,,
3.21E-08,-0.811962,,
3.21E-08,-0.809354,,
3.21E-08,-0.807107,,
3.22E-08,-0.806441,,
3.22E-08,-0.807717,,
3.22E-08,-0.810214,,
3.22E-08,-0.812489,,
3.23E-08,-0.81321,,
3.23E-08,-0.811657,,
3.23E-08,-0.808355,,
3.23E-08,-0.804554,,
3.24E-08,-0.801863,,
3.24E-08,-0.801086,,
3.24E-08,-0.802307,,
3.24E-08,-0.804499,,
3.25E-08,-0.806385,,
3.25E-08,-0.807079,,
3.25E-08,-0.80633,,
3.25E-08,-0.804749,,
3.26E-08,-0.803223,,
3.26E-08,-0.802585,,
3.26E-08,-0.803223,,
3.26E-08,-0.804887,,
3.27E-08,-0.806802,,
3.27E-08,-0.808272,,
3.27E-08,-0.808827,,
3.27E-08,-0.808549,,
3.28E-08,-0.807911,,
3.28E-08,-0.807578,,
3.28E-08,-0.80805,,
3.28E-08,-0.809298,,
3.29E-08,-0.81088,,
3.29E-08,-0.812184,,
3.29E-08,-0.812544,,
3.29E-08,-0.811768,,
3.30E-08,-0.809937,,
3.30E-08,-0.807634,,
3.30E-08,-0.805498,,
3.30E-08,-0.80411,,
3.31E-08,-0.803694,,
3.31E-08,-0.804332,,
3.31E-08,-0.805581,,
3.31E-08,-0.807107,,
3.32E-08,-0.808438,,
3.32E-08,-0.809326,,
3.32E-08,-0.809548,,
3.32E-08,-0.809076,,
3.33E-08,-0.80805,,
3.33E-08,-0.806802,,
3.33E-08,-0.805858,,
3.33E-08,-0.805775,,
3.34E-08,-0.806718,,
3.34E-08,-0.808383,,
3.34E-08,-0.80977,,
3.34E-08,-0.809742,,
3.35E-08,-0.807218,,
3.35E-08,-0.802113,,
3.35E-08,-0.795371,,
3.35E-08,-0.788824,,
3.36E-08,-0.784496,,
3.36E-08,-0.783775,,
3.36E-08,-0.786826,,
3.36E-08,-0.792375,,
3.37E-08,-0.798257,,
3.37E-08,-0.802585,,
3.37E-08,-0.804249,,
3.37E-08,-0.8035,,
3.38E-08,-0.801558,,
3.38E-08,-0.799949,,
3.38E-08,-0.799672,,
3.38E-08,-0.800864,,
3.39E-08,-0.802751,,
3.39E-08,-0.804166,,
3.39E-08,-0.803972,,
3.39E-08,-0.80178,,
3.40E-08,-0.797868,,
3.40E-08,-0.793457,,
3.40E-08,-0.790128,,
3.40E-08,-0.789351,,
3.41E-08,-0.79182,,
3.41E-08,-0.797091,,
3.41E-08,-0.80375,,
3.41E-08,-0.80977,,
3.42E-08,-0.813266,,
3.42E-08,-0.813155,,
3.42E-08,-0.809465,,
3.42E-08,-0.803139,,
3.43E-08,-0.795732,,
3.43E-08,-0.788852,,
3.43E-08,-0.783747,,
3.43E-08,-0.781056,,
3.44E-08,-0.780806,,
3.44E-08,-0.782693,,
3.44E-08,-0.78605,,
3.44E-08,-0.790211,,
3.45E-08,-0.7944,,
3.45E-08,-0.798284,,
3.45E-08,-0.801475,,
3.45E-08,-0.803694,,
3.46E-08,-0.804665,,
3.46E-08,-0.804027,,
3.46E-08,-0.801641,,
3.46E-08,-0.797508,,
3.47E-08,-0.791987,,
3.47E-08,-0.785939,,
3.47E-08,-0.780307,,
3.47E-08,-0.776173,,
3.48E-08,-0.774175,,
3.48E-08,-0.774536,,
3.48E-08,-0.776894,,
3.48E-08,-0.780501,,
3.49E-08,-0.784385,,
3.49E-08,-0.787686,,
3.49E-08,-0.789823,,
3.49E-08,-0.790572,,
3.50E-08,-0.790017,,
3.50E-08,-0.788491,,
3.50E-08,-0.786438,,
3.50E-08,-0.784246,,
3.51E-08,-0.782221,,
3.51E-08,-0.780501,,
3.51E-08,-0.779086,,
3.51E-08,-0.777893,,
3.52E-08,-0.776728,,
3.52E-08,-0.77559,,
3.52E-08,-0.774536,,
3.52E-08,-0.774009,,
3.53E-08,-0.774425,,
3.53E-08,-0.776201,,
3.53E-08,-0.779252,,
3.53E-08,-0.782942,,
3.54E-08,-0.786133,,
3.54E-08,-0.787492,,
3.54E-08,-0.786216,,
3.54E-08,-0.782304,,
3.55E-08,-0.776672,,
3.55E-08,-0.77093,,
3.55E-08,-0.766685,,
3.55E-08,-0.764854,,
3.56E-08,-0.765409,,
3.56E-08,-0.767517,,
3.56E-08,-0.769903,,
3.56E-08,-0.77154,,
3.57E-08,-0.772011,,
3.57E-08,-0.771706,,
3.57E-08,-0.771346,,
3.57E-08,-0.771651,,
3.58E-08,-0.772788,,
3.58E-08,-0.774397,,
3.58E-08,-0.77559,,
3.58E-08,-0.77559,,
3.59E-08,-0.773898,,
3.59E-08,-0.770569,,
3.59E-08,-0.766269,,
3.59E-08,-0.761941,,
3.60E-08,-0.758584,,
3.60E-08,-0.756919,,
3.60E-08,-0.757224,,
3.60E-08,-0.759333,,
3.61E-08,-0.762718,,
3.61E-08,-0.766657,,
3.61E-08,-0.770347,,
3.61E-08,-0.773177,,
3.62E-08,-0.774619,,
3.62E-08,-0.774453,,
3.62E-08,-0.772511,,
3.62E-08,-0.769098,,
3.63E-08,-0.764771,,
3.63E-08,-0.760554,,
3.63E-08,-0.75753,,
3.63E-08,-0.756614,,
3.64E-08,-0.758168,,
3.64E-08,-0.761636,,
3.64E-08,-0.765852,,
3.64E-08,-0.769487,,
3.65E-08,-0.771484,,
3.65E-08,-0.771623,,
3.65E-08,-0.770347,,
3.65E-08,-0.768433,,
3.66E-08,-0.766574,,
3.66E-08,-0.765214,,
3.66E-08,-0.764354,,
3.66E-08,-0.763661,,
3.67E-08,-0.762801,,
3.67E-08,-0.761525,,
3.67E-08,-0.75986,,
3.67E-08,-0.757918,,
3.68E-08,-0.755948,,
3.68E-08,-0.754311,,
3.68E-08,-0.753451,,
3.68E-08,-0.753867,,
3.69E-08,-0.755809,,
3.69E-08,-0.759277,,
3.69E-08,-0.763633,,
3.69E-08,-0.767795,,
3.70E-08,-0.770291,,
3.70E-08,-0.769958,,
3.70E-08,-0.76638,,
3.70E-08,-0.760276,,
3.71E-08,-0.753285,,
3.71E-08,-0.747597,,
3.71E-08,-0.744906,,
3.71E-08,-0.745794,,
3.72E-08,-0.749345,,
3.72E-08,-0.75359,,
3.72E-08,-0.756364,,
3.72E-08,-0.756309,,
3.73E-08,-0.753451,,
3.73E-08,-0.749068,,
3.73E-08,-0.745101,,
3.73E-08,-0.743297,,
3.74E-08,-0.744157,,
3.74E-08,-0.747043,,
3.74E-08,-0.7504,,
3.74E-08,-0.752453,,
3.75E-08,-0.752092,,
3.75E-08,-0.749179,,
3.75E-08,-0.744684,,
3.75E-08,-0.74019,,
3.76E-08,-0.737166,,
3.76E-08,-0.736556,,
3.76E-08,-0.738387,,
3.76E-08,-0.741882,,
3.77E-08,-0.745766,,
3.77E-08,-0.748985,,
3.77E-08,-0.750871,,
3.77E-08,-0.751509,,
3.78E-08,-0.751232,,
3.78E-08,-0.750594,,
3.78E-08,-0.749928,,
3.78E-08,-0.749345,,
3.79E-08,-0.748624,,
3.79E-08,-0.747597,,
3.79E-08,-0.746432,,
3.79E-08,-0.745322,,
3.80E-08,-0.744768,,
3.80E-08,-0.744962,,
3.80E-08,-0.745933,,
3.80E-08,-0.747403,,
3.81E-08,-0.748818,,
3.81E-08,-0.749678,,
3.81E-08,-0.749623,,
3.81E-08,-0.74879,,
3.82E-08,-0.74732,,
3.82E-08,-0.745628,,
3.82E-08,-0.744074,,
3.82E-08,-0.74277,,
3.83E-08,-0.74166,,
3.83E-08,-0.740662,,
3.83E-08,-0.739607,,
3.83E-08,-0.738609,,
3.84E-08,-0.737971,,
3.84E-08,-0.738165,,
3.84E-08,-0.739524,,
3.84E-08,-0.742021,,
3.85E-08,-0.745184,,
3.85E-08,-0.748069,,
3.85E-08,-0.7499,,
3.85E-08,-0.750178,,
3.86E-08,-0.748679,,
3.86E-08,-0.745905,,
3.86E-08,-0.742548,,
3.86E-08,-0.739358,,
3.87E-08,-0.737,,
3.87E-08,-0.735723,,
3.87E-08,-0.73539,,
3.87E-08,-0.735529,,
3.88E-08,-0.73539,,
3.88E-08,-0.734475,,
3.88E-08,-0.73245,,
3.88E-08,-0.729703,,
3.89E-08,-0.726845,,
3.89E-08,-0.724903,,
3.89E-08,-0.724515,,
3.89E-08,-0.725958,,
3.90E-08,-0.728649,,
3.90E-08,-0.731479,,
3.90E-08,-0.733143,,
3.90E-08,-0.732644,,
3.91E-08,-0.729564,,
3.91E-08,-0.724598,,
3.91E-08,-0.719188,,
3.91E-08,-0.715249,,
3.92E-08,-0.714306,,
3.92E-08,-0.717135,,
3.92E-08,-0.723294,,
3.92E-08,-0.731423,,
3.93E-08,-0.739469,,
3.93E-08,-0.745489,,
3.93E-08,-0.748097,,
3.93E-08,-0.746876,,
3.94E-08,-0.742382,,
3.94E-08,-0.73589,,
3.94E-08,-0.72912,,
3.94E-08,-0.723794,,
3.95E-08,-0.721186,,
3.95E-08,-0.721852,,
3.95E-08,-0.725458,,
3.95E-08,-0.730868,,
3.96E-08,-0.736639,,
3.96E-08,-0.741522,,
3.96E-08,-0.744518,,
3.96E-08,-0.745378,,
3.97E-08,-0.744351,,
3.97E-08,-0.74216,,
3.97E-08,-0.739635,,
3.97E-08,-0.73761,,
3.98E-08,-0.736639,,
3.98E-08,-0.736833,,
3.98E-08,-0.737832,,
3.98E-08,-0.738942,,
3.99E-08,-0.739302,,
3.99E-08,-0.738359,,
3.99E-08,-0.735918,,
3.99E-08,-0.732422,,
4.00E-08,-0.728566,,
4.00E-08,-0.725375,,
4.00E-08,-0.723544,,
4.00E-08,-0.723544,,
4.01E-08,-0.725347,,
4.01E-08,-0.72851,,
4.01E-08,-0.7322,,
4.01E-08,-0.735335,,
4.02E-08,-0.736833,,
4.02E-08,-0.735945,,
4.02E-08,-0.732477,,
4.02E-08,-0.726929,,
4.03E-08,-0.720326,,
4.03E-08,-0.714084,,
4.03E-08,-0.709395,,
4.03E-08,-0.706981,,
4.04E-08,-0.706759,,
4.04E-08,-0.708036,,
4.04E-08,-0.709811,,
4.04E-08,-0.711365,,
4.05E-08,-0.712364,,
4.05E-08,-0.713113,,
4.05E-08,-0.714139,,
4.05E-08,-0.715915,,
4.06E-08,-0.718412,,
4.06E-08,-0.720964,,
4.06E-08,-0.722518,,
4.06E-08,-0.722074,,
4.07E-08,-0.719133,,
4.07E-08,-0.714195,,
4.07E-08,-0.708563,,
4.07E-08,-0.703985,,
4.08E-08,-0.701904,,
4.08E-08,-0.703042,,
4.08E-08,-0.706981,,
4.08E-08,-0.712419,,
4.09E-08,-0.717496,,
4.09E-08,-0.72077,,
4.09E-08,-0.721491,,
4.09E-08,-0.720021,,
4.10E-08,-0.717274,,
4.10E-08,-0.714472,,
4.10E-08,-0.712308,,
4.10E-08,-0.710865,,
4.11E-08,-0.709894,,
4.11E-08,-0.70909,,
4.11E-08,-0.708396,,
4.11E-08,-0.708258,,
4.12E-08,-0.709118,,
4.12E-08,-0.711171,,
4.12E-08,-0.714167,,
4.12E-08,-0.717163,,
4.13E-08,-0.719244,,
4.13E-08,-0.719743,,
4.13E-08,-0.718689,,
4.13E-08,-0.716802,,
4.14E-08,-0.715082,,
4.14E-08,-0.714195,,
4.14E-08,-0.714306,,
4.14E-08,-0.714916,,
4.15E-08,-0.715388,,
4.15E-08,-0.715332,,
4.15E-08,-0.714666,,
4.15E-08,-0.713945,,
4.16E-08,-0.713529,,
4.16E-08,-0.713556,,
4.16E-08,-0.713723,,
4.16E-08,-0.713362,,
4.17E-08,-0.711809,,
4.17E-08,-0.708979,,
4.17E-08,-0.705372,,
4.17E-08,-0.70196,,
4.18E-08,-0.69974,,
4.18E-08,-0.69913,,
4.18E-08,-0.699851,,
4.18E-08,-0.700989,,
4.19E-08,-0.701516,,
4.19E-08,-0.700739,,
4.19E-08,-0.698575,,
4.19E-08,-0.695634,,
4.20E-08,-0.692915,,
4.20E-08,-0.691473,,
4.20E-08,-0.692,,
4.20E-08,-0.694608,,
4.21E-08,-0.698686,,
4.21E-08,-0.703236,,
4.21E-08,-0.706981,,
4.21E-08,-0.708896,,
4.22E-08,-0.708452,,
4.22E-08,-0.705761,,
4.22E-08,-0.701599,,
4.22E-08,-0.69716,,
4.23E-08,-0.693609,,
4.23E-08,-0.691778,,
4.23E-08,-0.691806,,
4.23E-08,-0.693248,,
4.24E-08,-0.69519,,
4.24E-08,-0.69655,,
4.24E-08,-0.696522,,
4.24E-08,-0.694885,,
4.25E-08,-0.692111,,
4.25E-08,-0.689087,,
4.25E-08,-0.686923,,
4.25E-08,-0.686396,,
4.26E-08,-0.687672,,
4.26E-08,-0.690252,,
4.26E-08,-0.693193,,
4.26E-08,-0.695385,,
4.27E-08,-0.695995,,
4.27E-08,-0.695024,,
4.27E-08,-0.69286,,
4.27E-08,-0.690391,,
4.28E-08,-0.688338,,
4.28E-08,-0.687311,,
4.28E-08,-0.687422,,
4.28E-08,-0.688699,,
4.29E-08,-0.690807,,
4.29E-08,-0.693359,,
4.29E-08,-0.695718,,
4.29E-08,-0.697243,,
4.30E-08,-0.697299,,
4.30E-08,-0.695551,,
4.30E-08,-0.692194,,
4.30E-08,-0.688033,,
4.31E-08,-0.684176,,
4.31E-08,-0.681735,,
4.31E-08,-0.681347,,
4.31E-08,-0.682845,,
4.32E-08,-0.685231,,
4.32E-08,-0.6872,,
4.32E-08,-0.6877,,
4.32E-08,-0.686451,,
4.33E-08,-0.684204,,
4.33E-08,-0.682151,,
4.33E-08,-0.681541,,
4.33E-08,-0.682872,,
4.34E-08,-0.685785,,
4.34E-08,-0.689198,,
4.34E-08,-0.691778,,
4.34E-08,-0.692583,,
4.35E-08,-0.69139,,
4.35E-08,-0.688809,,
4.35E-08,-0.685896,,
4.35E-08,-0.683816,,
4.36E-08,-0.683205,,
4.36E-08,-0.684149,,
4.36E-08,-0.686035,,
4.36E-08,-0.687977,,
4.37E-08,-0.689142,,
4.37E-08,-0.68917,,
4.37E-08,-0.688199,,
4.37E-08,-0.686867,,
4.38E-08,-0.68573,,
4.38E-08,-0.685175,,
4.38E-08,-0.685036,,
4.38E-08,-0.684703,,
4.39E-08,-0.683427,,
4.39E-08,-0.680764,,
4.39E-08,-0.676824,,
4.39E-08,-0.672524,,
4.40E-08,-0.669056,,
4.40E-08,-0.667669,,
4.40E-08,-0.668862,,
4.40E-08,-0.672302,,
4.41E-08,-0.677019,,
4.41E-08,-0.681652,,
4.41E-08,-0.685036,,
4.41E-08,-0.68659,,
4.42E-08,-0.686396,,
4.42E-08,-0.684925,,
4.42E-08,-0.682789,,
4.42E-08,-0.680459,,
4.43E-08,-0.678073,,
4.43E-08,-0.675687,,
4.43E-08,-0.673412,,
4.43E-08,-0.671581,,
4.44E-08,-0.670721,,
4.44E-08,-0.671193,,
4.44E-08,-0.673079,,
4.44E-08,-0.675992,,
4.45E-08,-0.679294,,
4.45E-08,-0.682151,,
4.45E-08,-0.683982,,
4.45E-08,-0.684676,,
4.46E-08,-0.684482,,
4.46E-08,-0.683982,,
4.46E-08,-0.683483,,
4.46E-08,-0.682928,,
4.47E-08,-0.681874,,
4.47E-08,-0.679793,,
4.47E-08,-0.676353,,
4.47E-08,-0.671886,,
4.48E-08,-0.667336,,
4.48E-08,-0.663785,,
4.48E-08,-0.662176,,
4.48E-08,-0.662786,,
4.49E-08,-0.665172,,
4.49E-08,-0.668252,,
4.49E-08,-0.67086,,
4.49E-08,-0.672219,,
4.50E-08,-0.671997,,
4.50E-08,-0.670471,,
4.50E-08,-0.668335,,
4.50E-08,-0.666254,,
4.51E-08,-0.664895,,
4.51E-08,-0.664562,,
4.51E-08,-0.665255,,
4.51E-08,-0.666809,,
4.52E-08,-0.668807,,
4.52E-08,-0.670776,,
4.52E-08,-0.672385,,
4.52E-08,-0.673412,,
4.53E-08,-0.673773,,
4.53E-08,-0.673662,,
4.53E-08,-0.673301,,
4.53E-08,-0.672829,,
4.54E-08,-0.672552,,
4.54E-08,-0.672441,,
4.54E-08,-0.672607,,
4.54E-08,-0.672968,,
4.55E-08,-0.673467,,
4.55E-08,-0.673856,,
4.55E-08,-0.673828,,
4.55E-08,-0.673107,,
4.56E-08,-0.671609,,
4.56E-08,-0.669556,,
4.56E-08,-0.667419,,
4.56E-08,-0.666005,,
4.57E-08,-0.66581,,
4.57E-08,-0.667225,,
4.57E-08,-0.67,,
4.57E-08,-0.673551,,
4.58E-08,-0.676963,,
4.58E-08,-0.679377,,
4.58E-08,-0.680181,,
4.58E-08,-0.679127,,
4.59E-08,-0.676381,,
4.59E-08,-0.672496,,
4.59E-08,-0.668224,,
4.59E-08,-0.664534,,
4.60E-08,-0.662315,,
4.60E-08,-0.662204,,
4.60E-08,-0.66434,,
4.60E-08,-0.668252,,
4.61E-08,-0.672913,,
4.61E-08,-0.677157,,
4.61E-08,-0.680015,,
4.61E-08,-0.680958,,
4.62E-08,-0.680154,,
4.62E-08,-0.67835,,
4.62E-08,-0.676381,,
4.62E-08,-0.675049,,
4.63E-08,-0.674438,,
4.63E-08,-0.6743,,
4.63E-08,-0.674022,,
4.63E-08,-0.673218,,
4.64E-08,-0.671747,,
4.64E-08,-0.670083,,
4.64E-08,-0.669001,,
4.64E-08,-0.66925,,
4.65E-08,-0.671359,,
4.65E-08,-0.675132,,
4.65E-08,-0.67971,,
4.65E-08,-0.683982,,
4.66E-08,-0.686756,,
4.66E-08,-0.687256,,
4.66E-08,-0.685397,,
4.66E-08,-0.68179,,
4.67E-08,-0.677213,,
4.67E-08,-0.672607,,
4.67E-08,-0.668585,,
4.67E-08,-0.665505,,
4.68E-08,-0.663563,,
4.68E-08,-0.662786,,
4.68E-08,-0.663202,,
4.68E-08,-0.664784,,
4.69E-08,-0.667308,,
4.69E-08,-0.670277,,
4.69E-08,-0.672968,,
4.69E-08,-0.674716,,
4.70E-08,-0.675049,,
4.70E-08,-0.673995,,
4.70E-08,-0.671914,,
4.70E-08,-0.669472,,
4.71E-08,-0.667308,,
4.71E-08,-0.665755,,
4.71E-08,-0.664895,,
4.71E-08,-0.664451,,
4.72E-08,-0.663979,,
4.72E-08,-0.663091,,
4.72E-08,-0.661649,,
4.72E-08,-0.659873,,
4.73E-08,-0.658403,,
4.73E-08,-0.657931,,
4.73E-08,-0.659152,,
4.73E-08,-0.662176,,
4.74E-08,-0.666393,,
4.74E-08,-0.670721,,
4.74E-08,-0.673856,,
4.74E-08,-0.675021,,
4.75E-08,-0.674161,,
4.75E-08,-0.672191,,
4.75E-08,-0.670249,,
4.75E-08,-0.669223,,
4.76E-08,-0.669306,,
4.76E-08,-0.669916,,
4.76E-08,-0.670027,,
4.76E-08,-0.668862,,
4.77E-08,-0.666254,,
4.77E-08,-0.662953,,
4.77E-08,-0.660151,,
4.77E-08,-0.658958,,
4.78E-08,-0.65979,,
4.78E-08,-0.662287,,
4.78E-08,-0.665366,,
4.78E-08,-0.667808,,
4.79E-08,-0.668668,,
4.79E-08,-0.667558,,
4.79E-08,-0.664895,,
4.79E-08,-0.661566,,
4.80E-08,-0.65868,,
4.80E-08,-0.657071,,
4.80E-08,-0.657099,,
4.80E-08,-0.658569,,
4.81E-08,-0.660706,,
4.81E-08,-0.662509,,
4.81E-08,-0.663091,,
4.81E-08,-0.661982,,
4.82E-08,-0.659318,,
4.82E-08,-0.655934,,
4.82E-08,-0.652965,,
4.82E-08,-0.651412,,
4.83E-08,-0.651828,,
4.83E-08,-0.653853,,
4.83E-08,-0.656489,,
4.83E-08,-0.658403,,
4.84E-08,-0.658653,,
4.84E-08,-0.657127,,
4.84E-08,-0.654602,,
4.84E-08,-0.652438,,
4.85E-08,-0.651828,,
4.85E-08,-0.653159,,
4.85E-08,-0.65574,,
4.85E-08,-0.658236,,
4.86E-08,-0.659346,,
4.86E-08,-0.658347,,
4.86E-08,-0.655268,,
4.86E-08,-0.651051,,
4.87E-08,-0.646862,,
4.87E-08,-0.643588,,
4.87E-08,-0.641535,,
4.87E-08,-0.640481,,
4.88E-08,-0.640009,,
4.88E-08,-0.639759,,
4.88E-08,-0.639676,,
4.88E-08,-0.639898,,
4.89E-08,-0.640564,,
4.89E-08,-0.641674,,
4.89E-08,-0.642922,,
4.89E-08,-0.643893,,
4.90E-08,-0.644171,,
4.90E-08,-0.643671,,
4.90E-08,-0.642506,,
4.90E-08,-0.641008,,
4.91E-08,-0.639621,,
4.91E-08,-0.638622,,
4.91E-08,-0.638206,,
4.91E-08,-0.638372,,
4.92E-08,-0.639205,,
4.92E-08,-0.640786,,
4.92E-08,-0.643089,,
4.92E-08,-0.645807,,
4.93E-08,-0.648471,,
4.93E-08,-0.650385,,
4.93E-08,-0.650995,,
4.93E-08,-0.650052,,
4.94E-08,-0.647833,,
4.94E-08,-0.645031,,
4.94E-08,-0.642423,,
4.94E-08,-0.640619,,
4.95E-08,-0.639648,,
4.95E-08,-0.639177,,
4.95E-08,-0.638566,,
4.95E-08,-0.637318,,
4.96E-08,-0.635431,,
4.96E-08,-0.633489,,
4.96E-08,-0.632491,,
4.96E-08,-0.633462,,
4.97E-08,-0.636902,,
4.97E-08,-0.642423,,
4.97E-08,-0.648776,,
4.97E-08,-0.654269,,
4.98E-08,-0.657238,,
4.98E-08,-0.656794,,
4.98E-08,-0.653104,,
4.98E-08,-0.647361,,
4.99E-08,-0.641202,,
4.99E-08,-0.636375,,
4.99E-08,-0.634072,,
4.99E-08,-0.634738,,
5.00E-08,-0.638039,,
5.00E-08,-0.64295,,
5.00E-08,-0.648138,,
5.00E-08,-0.652327,,
5.01E-08,-0.65463,,
5.01E-08,-0.654879,,
5.01E-08,-0.653659,,
5.01E-08,-0.651939,,
5.02E-08,-0.65069,,
5.02E-08,-0.650441,,
5.02E-08,-0.650968,,
5.02E-08,-0.651744,,
5.03E-08,-0.651994,,
5.03E-08,-0.65155,,
5.03E-08,-0.650746,,
5.03E-08,-0.650246,,
5.04E-08,-0.650607,,
5.04E-08,-0.651966,,
5.04E-08,-0.653742,,
5.04E-08,-0.655129,,
5.05E-08,-0.655434,,
5.05E-08,-0.654519,,
5.05E-08,-0.652854,,
5.05E-08,-0.651245,,
5.06E-08,-0.650357,,
5.06E-08,-0.650302,,
5.06E-08,-0.650635,,
5.06E-08,-0.650496,,
5.07E-08,-0.64922,,
5.07E-08,-0.646612,,
5.07E-08,-0.643172,,
5.07E-08,-0.639759,,
5.08E-08,-0.637124,,
5.08E-08,-0.635515,,
5.08E-08,-0.63471,,
5.08E-08,-0.6341,,
5.09E-08,-0.633101,,
5.09E-08,-0.631686,,
5.09E-08,-0.630354,,
5.09E-08,-0.6298,,
5.10E-08,-0.630632,,
5.10E-08,-0.632907,,
5.10E-08,-0.635931,,
5.10E-08,-0.638539,,
5.11E-08,-0.639454,,
5.11E-08,-0.637928,,
5.11E-08,-0.633989,,
5.11E-08,-0.628718,,
5.12E-08,-0.623585,,
5.12E-08,-0.620311,,
5.12E-08,-0.619951,,
5.12E-08,-0.62267,,
5.13E-08,-0.627497,,
5.13E-08,-0.63274,,
5.13E-08,-0.636375,,
5.13E-08,-0.63693,,
5.14E-08,-0.633989,,
5.14E-08,-0.628468,,
5.14E-08,-0.622004,,
5.14E-08,-0.616483,,
5.15E-08,-0.613292,,
5.15E-08,-0.612987,,
5.15E-08,-0.615123,,
5.15E-08,-0.618619,,
5.16E-08,-0.622142,,
5.16E-08,-0.624612,,
5.16E-08,-0.625361,,
5.16E-08,-0.624362,,
5.17E-08,-0.622004,,
5.17E-08,-0.619091,,
5.17E-08,-0.616455,,
5.17E-08,-0.614763,,
5.18E-08,-0.614402,,
5.18E-08,-0.615345,,
5.18E-08,-0.617204,,
5.18E-08,-0.619257,,
5.19E-08,-0.620672,,
5.19E-08,-0.6207,,
5.19E-08,-0.618813,,
5.19E-08,-0.614901,,
5.20E-08,-0.609519,,
5.20E-08,-0.603749,,
5.20E-08,-0.598921,,
5.20E-08,-0.596313,,
5.21E-08,-0.596619,,
5.21E-08,-0.59967,,
5.21E-08,-0.604276,,
5.21E-08,-0.608742,,
5.22E-08,-0.611267,,
5.22E-08,-0.610823,,
5.22E-08,-0.607522,,
5.22E-08,-0.602611,,
5.23E-08,-0.59795,,
5.23E-08,-0.595176,,
5.23E-08,-0.594871,,
5.23E-08,-0.596591,,
5.24E-08,-0.598894,,
5.24E-08,-0.600198,,
5.24E-08,-0.59967,,
5.24E-08,-0.597506,,
5.25E-08,-0.594954,,
5.25E-08,-0.5934,,
5.25E-08,-0.593761,,
5.25E-08,-0.595897,,
5.26E-08,-0.598783,,
5.26E-08,-0.601058,,
5.26E-08,-0.601585,,
5.26E-08,-0.599976,,
5.27E-08,-0.596702,,
5.27E-08,-0.592818,,
5.27E-08,-0.589433,,
5.27E-08,-0.587214,,
5.28E-08,-0.586215,,
5.28E-08,-0.586021,,
5.28E-08,-0.586076,,
5.28E-08,-0.586104,,
5.29E-08,-0.586243,,
5.29E-08,-0.587019,,
5.29E-08,-0.588795,,
5.29E-08,-0.591514,,
5.30E-08,-0.594371,,
5.30E-08,-0.596092,,
5.30E-08,-0.595453,,
5.30E-08,-0.591986,,
5.31E-08,-0.58627,,
5.31E-08,-0.580028,,
5.31E-08,-0.575256,,
5.31E-08,-0.573425,,
5.32E-08,-0.574757,,
5.32E-08,-0.578086,,
5.32E-08,-0.581415,,
5.32E-08,-0.583052,,
5.33E-08,-0.58222,,
5.33E-08,-0.579612,,
5.33E-08,-0.576699,,
5.33E-08,-0.575062,,
5.34E-08,-0.575534,,
5.34E-08,-0.577753,,
5.34E-08,-0.580528,,
5.34E-08,-0.582359,,
5.35E-08,-0.582192,,
5.35E-08,-0.579889,,
5.35E-08,-0.576255,,
5.35E-08,-0.57251,,
5.36E-08,-0.569902,,
5.36E-08,-0.569153,,
5.36E-08,-0.570263,,
5.36E-08,-0.572759,,
5.37E-08,-0.575783,,
5.37E-08,-0.578697,,
5.37E-08,-0.580916,,
5.37E-08,-0.582275,,
5.38E-08,-0.582719,,
5.38E-08,-0.582359,,
5.38E-08,-0.581526,,
5.38E-08,-0.580583,,
5.39E-08,-0.58,,
5.39E-08,-0.580111,,
5.39E-08,-0.580944,,
5.39E-08,-0.582109,,
5.40E-08,-0.58283,,
5.40E-08,-0.582331,,
5.40E-08,-0.58025,,
5.40E-08,-0.576949,,
5.41E-08,-0.573425,,
5.41E-08,-0.571095,,
5.41E-08,-0.571067,,
5.41E-08,-0.573758,,
5.42E-08,-0.578669,,
5.42E-08,-0.584467,,
5.42E-08,-0.589572,,
5.42E-08,-0.592485,,
5.43E-08,-0.592485,,
5.43E-08,-0.589738,,
5.43E-08,-0.58541,,
5.43E-08,-0.581166,,
5.44E-08,-0.578502,,
5.44E-08,-0.578308,,
5.44E-08,-0.580528,,
5.44E-08,-0.584217,,
5.45E-08,-0.588046,,
5.45E-08,-0.590876,,
5.45E-08,-0.592124,,
5.45E-08,-0.591819,,
5.46E-08,-0.590376,,
5.46E-08,-0.588434,,
5.46E-08,-0.586437,,
5.46E-08,-0.584578,,
5.47E-08,-0.582941,,
5.47E-08,-0.581443,,
5.47E-08,-0.580028,,
5.47E-08,-0.578697,,
5.48E-08,-0.577559,,
5.48E-08,-0.576588,,
5.48E-08,-0.575839,,
5.48E-08,-0.575478,,
5.49E-08,-0.575617,,
5.49E-08,-0.576449,,
5.49E-08,-0.578086,,
5.49E-08,-0.5805,,
5.50E-08,-0.583135,,
5.50E-08,-0.585216,,
5.50E-08,-0.585688,,
5.50E-08,-0.583884,,
5.51E-08,-0.579668,,
5.51E-08,-0.573786,,
5.51E-08,-0.567655,,
5.51E-08,-0.563049,,
5.52E-08,-0.561191,,
5.52E-08,-0.562467,,
5.52E-08,-0.566018,,
5.52E-08,-0.570179,,
5.53E-08,-0.572954,,
5.53E-08,-0.573065,,
5.53E-08,-0.570318,,
5.53E-08,-0.565851,,
5.54E-08,-0.561496,,
5.54E-08,-0.558971,,
5.54E-08,-0.559082,,
5.54E-08,-0.561412,,
5.55E-08,-0.564547,,
5.55E-08,-0.566795,,
5.55E-08,-0.566989,,
5.55E-08,-0.564908,,
5.56E-08,-0.561274,,
5.56E-08,-0.557279,,
5.56E-08,-0.554088,,
5.56E-08,-0.552424,,
5.57E-08,-0.552257,,
5.57E-08,-0.553145,,
5.57E-08,-0.554393,,
5.57E-08,-0.555281,,
5.58E-08,-0.555198,,
5.58E-08,-0.553977,,
5.58E-08,-0.551675,,
5.58E-08,-0.548762,,
5.59E-08,-0.545848,,
5.59E-08,-0.54374,,
5.59E-08,-0.542991,,
5.59E-08,-0.543906,,
5.60E-08,-0.546292,,
5.60E-08,-0.549511,,
5.60E-08,-0.552701,,
5.60E-08,-0.555032,,
5.61E-08,-0.556058,,
5.61E-08,-0.555781,,
5.61E-08,-0.554726,,
5.61E-08,-0.553367,,
5.62E-08,-0.552257,,
5.62E-08,-0.551397,,
5.62E-08,-0.550648,,
5.62E-08,-0.5494,,
5.63E-08,-0.547347,,
5.63E-08,-0.544378,,
5.63E-08,-0.540827,,
5.63E-08,-0.537415,,
5.64E-08,-0.535001,,
5.64E-08,-0.534169,,
5.64E-08,-0.535167,,
5.64E-08,-0.537526,,
5.65E-08,-0.540522,,
5.65E-08,-0.543102,,
5.65E-08,-0.544545,,
5.65E-08,-0.544489,,
5.66E-08,-0.542991,,
5.66E-08,-0.540577,,
5.66E-08,-0.537775,,
5.66E-08,-0.535223,,
5.67E-08,-0.533364,,
5.67E-08,-0.532504,,
5.67E-08,-0.532754,,
5.67E-08,-0.533974,,
5.68E-08,-0.53575,,
5.68E-08,-0.537526,,
5.68E-08,-0.538635,,
5.68E-08,-0.538524,,
5.69E-08,-0.537054,,
5.69E-08,-0.534446,,
5.69E-08,-0.531367,,
5.69E-08,-0.528426,,
5.70E-08,-0.526234,,
5.70E-08,-0.525124,,
5.70E-08,-0.524986,,
5.70E-08,-0.525374,,
5.71E-08,-0.525596,,
5.71E-08,-0.524986,,
5.71E-08,-0.523349,,
5.71E-08,-0.520935,,
5.72E-08,-0.51841,,
5.72E-08,-0.516635,,
5.72E-08,-0.516108,,
5.72E-08,-0.516912,,
5.73E-08,-0.51866,,
5.73E-08,-0.520685,,
5.73E-08,-0.522322,,
5.73E-08,-0.523071,,
5.74E-08,-0.522766,,
5.74E-08,-0.521545,,
5.74E-08,-0.519687,,
5.74E-08,-0.517412,,
5.75E-08,-0.514915,,
5.75E-08,-0.512251,,
5.75E-08,-0.509533,,
5.75E-08,-0.506952,,
5.76E-08,-0.504899,,
5.76E-08,-0.503651,,
5.76E-08,-0.503429,,
5.76E-08,-0.504095,,
5.77E-08,-0.505454,,
5.77E-08,-0.50723,,
5.77E-08,-0.509394,,
5.77E-08,-0.511974,,
5.78E-08,-0.515137,,
5.78E-08,-0.518799,,
5.78E-08,-0.522405,,
5.78E-08,-0.525124,,
5.79E-08,-0.525984,,
5.79E-08,-0.524375,,
5.79E-08,-0.52063,,
5.79E-08,-0.515858,,
5.80E-08,-0.511835,,
5.80E-08,-0.510254,,
5.80E-08,-0.512002,,
5.80E-08,-0.516774,,
5.81E-08,-0.52321,,
5.81E-08,-0.529424,,
5.81E-08,-0.533697,,
5.81E-08,-0.535278,,
5.82E-08,-0.534307,,
5.82E-08,-0.531894,,
5.82E-08,-0.529314,,
5.82E-08,-0.527677,,
5.83E-08,-0.52751,,
5.83E-08,-0.528592,,
5.83E-08,-0.530229,,
5.83E-08,-0.531422,,
5.84E-08,-0.531394,,
5.84E-08,-0.529896,,
5.84E-08,-0.527316,,
5.84E-08,-0.524708,,
5.85E-08,-0.523182,,
5.85E-08,-0.523654,,
5.85E-08,-0.526234,,
5.85E-08,-0.530118,,
5.86E-08,-0.533836,,
5.86E-08,-0.535667,,
5.86E-08,-0.534502,,
5.86E-08,-0.530257,,
5.87E-08,-0.523876,,
5.87E-08,-0.517134,,
5.87E-08,-0.512057,,
5.87E-08,-0.510143,,
5.88E-08,-0.511974,,
5.88E-08,-0.517023,,
5.88E-08,-0.523876,,
5.88E-08,-0.530784,,
5.89E-08,-0.535889,,
5.89E-08,-0.538025,,
5.89E-08,-0.536749,,
5.89E-08,-0.532449,,
5.90E-08,-0.526345,,
5.90E-08,-0.519936,,
5.90E-08,-0.514554,,
5.90E-08,-0.510892,,
5.91E-08,-0.508728,,
5.91E-08,-0.507313,,
5.91E-08,-0.505704,,
5.91E-08,-0.503346,,
5.92E-08,-0.500294,,
5.92E-08,-0.49727,,
5.92E-08,-0.495217,,
5.92E-08,-0.494773,,
5.93E-08,-0.496049,,
5.93E-08,-0.498435,,
5.93E-08,-0.50096,,
5.93E-08,-0.502652,,
5.94E-08,-0.503013,,
5.94E-08,-0.501931,,
5.94E-08,-0.499822,,
5.94E-08,-0.49727,,
5.95E-08,-0.494718,,
5.95E-08,-0.492387,,
5.95E-08,-0.490251,,
5.95E-08,-0.48817,,
5.96E-08,-0.486117,,
5.96E-08,-0.484369,,
5.96E-08,-0.48326,,
5.96E-08,-0.483315,,
5.97E-08,-0.484758,,
5.97E-08,-0.487504,,
5.97E-08,-0.491083,,
5.97E-08,-0.494801,,
5.98E-08,-0.497769,,
5.98E-08,-0.499379,,
5.98E-08,-0.499212,,
5.98E-08,-0.49727,,
5.99E-08,-0.493858,,
5.99E-08,-0.489613,,
5.99E-08,-0.485368,,
5.99E-08,-0.481984,,
6.00E-08,-0.480069,,
6.00E-08,-0.479958,,
6.00E-08,-0.481345,,
6.00E-08,-0.483676,,
6.01E-08,-0.486034,,
6.01E-08,-0.487615,,
6.01E-08,-0.487782,,
6.01E-08,-0.486422,,
6.02E-08,-0.483842,,
6.02E-08,-0.480707,,
6.02E-08,-0.477822,,
6.02E-08,-0.475991,,
6.03E-08,-0.475492,,
6.03E-08,-0.476046,,
6.03E-08,-0.477073,,
6.03E-08,-0.477683,,
6.04E-08,-0.477212,,
6.04E-08,-0.475353,,
6.04E-08,-0.47244,,
6.04E-08,-0.469111,,
6.05E-08,-0.466336,,
6.05E-08,-0.464977,,
6.05E-08,-0.465449,,
6.05E-08,-0.467585,,
6.06E-08,-0.470526,,
6.06E-08,-0.473189,,
6.06E-08,-0.474437,,
6.06E-08,-0.473855,,
6.07E-08,-0.471691,,
6.07E-08,-0.468833,,
6.07E-08,-0.466253,,
6.07E-08,-0.464616,,
6.08E-08,-0.464034,,
6.08E-08,-0.4642,,
6.08E-08,-0.464672,,
6.08E-08,-0.465227,,
6.09E-08,-0.466114,,
6.09E-08,-0.467807,,
6.09E-08,-0.470692,,
6.09E-08,-0.474493,,
6.10E-08,-0.478432,,
6.10E-08,-0.481373,,
6.10E-08,-0.482344,,
6.10E-08,-0.480902,,
6.11E-08,-0.477434,,
6.11E-08,-0.472995,,
6.11E-08,-0.469083,,
6.11E-08,-0.467085,,
6.12E-08,-0.467834,,
6.12E-08,-0.471164,,
6.12E-08,-0.476019,,
6.12E-08,-0.480735,,
6.13E-08,-0.483704,,
6.13E-08,-0.484009,,
6.13E-08,-0.481789,,
6.13E-08,-0.478266,,
6.14E-08,-0.475242,,
6.14E-08,-0.474243,,
6.14E-08,-0.47588,,
6.14E-08,-0.479653,,
6.15E-08,-0.484286,,
6.15E-08,-0.488364,,
6.15E-08,-0.490723,,
6.15E-08,-0.490945,,
6.16E-08,-0.489446,,
6.16E-08,-0.487116,,
6.16E-08,-0.48498,,
6.16E-08,-0.483842,,
6.17E-08,-0.484009,,
6.17E-08,-0.485396,,
6.17E-08,-0.487532,,
6.17E-08,-0.489835,,
6.18E-08,-0.49161,,
6.18E-08,-0.49247,,
6.18E-08,-0.492082,,
6.18E-08,-0.490279,,
6.19E-08,-0.487061,,
6.19E-08,-0.482733,,
6.19E-08,-0.477905,,
6.19E-08,-0.473605,,
6.20E-08,-0.470775,,
6.20E-08,-0.470137,,
6.20E-08,-0.471913,,
6.20E-08,-0.475769,,
6.21E-08,-0.480929,,
6.21E-08,-0.486561,,
6.21E-08,-0.49186,,
6.21E-08,-0.496327,,
6.22E-08,-0.499434,,
6.22E-08,-0.500793,,
6.22E-08,-0.500044,,
6.22E-08,-0.497131,,
6.23E-08,-0.49247,,
6.23E-08,-0.486977,,
6.23E-08,-0.481817,,
6.23E-08,-0.478127,,
6.24E-08,-0.476601,,
6.24E-08,-0.477267,,
6.24E-08,-0.479403,,
6.24E-08,-0.482067,,
6.25E-08,-0.48412,,
6.25E-08,-0.484897,,
6.25E-08,-0.484286,,
6.25E-08,-0.48276,,
6.26E-08,-0.481096,,
6.26E-08,-0.480069,,
6.26E-08,-0.480263,,
6.26E-08,-0.481734,,
6.27E-08,-0.484037,,
6.27E-08,-0.48645,,
6.27E-08,-0.487948,,
6.27E-08,-0.487948,,
6.28E-08,-0.486034,,
6.28E-08,-0.482372,,
6.28E-08,-0.477545,,
6.28E-08,-0.47269,,
6.29E-08,-0.468944,,
6.29E-08,-0.467307,,
6.29E-08,-0.467945,,
6.29E-08,-0.470304,,
6.30E-08,-0.473106,,
6.30E-08,-0.474743,,
6.30E-08,-0.474077,,
6.30E-08,-0.47072,,
6.31E-08,-0.46531,,
6.31E-08,-0.459373,,
6.31E-08,-0.454823,,
6.31E-08,-0.45302,,
6.32E-08,-0.454351,,
6.32E-08,-0.45793,,
6.32E-08,-0.462036,,
6.32E-08,-0.464949,,
6.33E-08,-0.465643,,
6.33E-08,-0.464311,,
6.33E-08,-0.462064,,
6.33E-08,-0.460233,,
6.34E-08,-0.459706,,
6.34E-08,-0.460261,,
6.34E-08,-0.460926,,
6.34E-08,-0.460233,,
6.35E-08,-0.457181,,
6.35E-08,-0.451771,,
6.35E-08,-0.445196,,
6.35E-08,-0.439231,,
6.36E-08,-0.43568,,
6.36E-08,-0.435486,,
6.36E-08,-0.438427,,
6.36E-08,-0.44306,,
6.37E-08,-0.447582,,
6.37E-08,-0.450384,,
6.37E-08,-0.450689,,
6.37E-08,-0.448692,,
6.38E-08,-0.445307,,
6.38E-08,-0.441478,,
6.38E-08,-0.437789,,
6.38E-08,-0.43421,,
6.39E-08,-0.43052,,
6.39E-08,-0.426553,,
6.39E-08,-0.422641,,
6.39E-08,-0.419367,,
6.40E-08,-0.417619,,
6.40E-08,-0.417869,,
6.40E-08,-0.420088,,
6.40E-08,-0.423834,,
6.41E-08,-0.4283,,
6.41E-08,-0.43285,,
6.41E-08,-0.436984,,
6.41E-08,-0.440424,,
6.42E-08,-0.442949,,
6.42E-08,-0.444142,,
6.42E-08,-0.443587,,
6.42E-08,-0.440979,,
6.43E-08,-0.436429,,
6.43E-08,-0.430575,,
6.43E-08,-0.424527,,
6.43E-08,-0.419644,,
6.44E-08,-0.416926,,
6.44E-08,-0.41687,,
6.44E-08,-0.419117,,
6.44E-08,-0.422585,,
6.45E-08,-0.42597,,
6.45E-08,-0.428078,,
6.45E-08,-0.4283,,
6.45E-08,-0.42683,,
6.46E-08,-0.424444,,
6.46E-08,-0.422114,,
6.46E-08,-0.420615,,
6.46E-08,-0.420061,,
6.47E-08,-0.420061,,
6.47E-08,-0.419728,,
6.47E-08,-0.418424,,
6.47E-08,-0.415955,,
6.48E-08,-0.412875,,
6.48E-08,-0.410378,,
6.48E-08,-0.409712,,
6.48E-08,-0.411876,,
6.49E-08,-0.416759,,
6.49E-08,-0.423223,,
6.49E-08,-0.429244,,
6.49E-08,-0.432712,,
6.50E-08,-0.432101,,
6.50E-08,-0.427357,,
6.50E-08,-0.4197,,
6.50E-08,-0.411432,,
6.51E-08,-0.404774,,
6.51E-08,-0.401334,,
6.51E-08,-0.401306,,
6.51E-08,-0.403637,,
6.52E-08,-0.406522,,
6.52E-08,-0.408242,,
6.52E-08,-0.407798,,
6.52E-08,-0.405384,,
6.53E-08,-0.402277,,
6.53E-08,-0.400058,,
6.53E-08,-0.399891,,
6.53E-08,-0.402,,
6.54E-08,-0.405246,,
6.54E-08,-0.407604,,
6.54E-08,-0.407132,,
6.54E-08,-0.402804,,
6.55E-08,-0.395258,,
6.55E-08,-0.386852,,
6.55E-08,-0.380554,,
6.55E-08,-0.379056,,
6.56E-08,-0.383412,,
6.56E-08,-0.392623,,
6.56E-08,-0.403831,,
6.56E-08,-0.413374,,
6.57E-08,-0.418202,,
6.57E-08,-0.417037,,
6.57E-08,-0.410822,,
6.57E-08,-0.402111,,
6.58E-08,-0.393871,,
6.58E-08,-0.38835,,
6.58E-08,-0.386242,,
6.58E-08,-0.386824,,
6.59E-08,-0.388517,,
6.59E-08,-0.389876,,
6.59E-08,-0.390126,,
6.59E-08,-0.38946,,
6.60E-08,-0.388683,,
6.60E-08,-0.388544,,
6.60E-08,-0.389321,,
6.60E-08,-0.390653,,
6.61E-08,-0.391929,,
6.61E-08,-0.392761,,
6.61E-08,-0.393177,,
6.61E-08,-0.393649,,
6.62E-08,-0.39462,,
6.62E-08,-0.396257,,
6.62E-08,-0.398199,,
6.62E-08,-0.399614,,
6.63E-08,-0.399725,,
6.63E-08,-0.398032,,
6.63E-08,-0.394897,,
6.63E-08,-0.391291,,
6.64E-08,-0.3886,,
6.64E-08,-0.387906,,
6.64E-08,-0.389654,,
6.64E-08,-0.393566,,
6.65E-08,-0.398809,,
6.65E-08,-0.404247,,
6.65E-08,-0.409019,,
6.65E-08,-0.412348,,
6.66E-08,-0.413763,,
6.66E-08,-0.412931,,
6.66E-08,-0.409796,,
6.66E-08,-0.404691,,
6.67E-08,-0.398393,,
6.67E-08,-0.392095,,
6.67E-08,-0.38688,,
6.67E-08,-0.383772,,
6.68E-08,-0.383134,,
6.68E-08,-0.38466,,
6.68E-08,-0.387684,,
6.68E-08,-0.391152,,
6.69E-08,-0.394037,,
6.69E-08,-0.395508,,
6.69E-08,-0.395064,,
6.69E-08,-0.392733,,
6.70E-08,-0.389099,,
6.70E-08,-0.385076,,
6.70E-08,-0.381664,,
6.70E-08,-0.379639,,
6.71E-08,-0.379195,,
6.71E-08,-0.379972,,
6.71E-08,-0.381303,,
6.71E-08,-0.382496,,
6.72E-08,-0.383273,,
6.72E-08,-0.383772,,
6.72E-08,-0.384521,,
6.72E-08,-0.386103,,
6.73E-08,-0.38896,,
6.73E-08,-0.392955,,
6.73E-08,-0.397533,,
6.73E-08,-0.401722,,
6.74E-08,-0.404469,,
6.74E-08,-0.405051,,
6.74E-08,-0.403165,,
6.74E-08,-0.399281,,
6.75E-08,-0.394287,,
6.75E-08,-0.389404,,
6.75E-08,-0.385576,,
6.75E-08,-0.383439,,
6.76E-08,-0.383273,,
6.76E-08,-0.384799,,
6.76E-08,-0.387573,,
6.76E-08,-0.390847,,
6.77E-08,-0.393815,,
6.77E-08,-0.395924,,
6.77E-08,-0.396756,,
6.77E-08,-0.396229,,
6.78E-08,-0.39462,,
6.78E-08,-0.392345,,
6.78E-08,-0.389793,,
6.78E-08,-0.387268,,
6.79E-08,-0.384827,,
6.79E-08,-0.382468,,
6.79E-08,-0.380249,,
6.79E-08,-0.378307,,
6.80E-08,-0.376753,,
6.80E-08,-0.375588,,
6.80E-08,-0.374534,,
6.80E-08,-0.373285,,
6.81E-08,-0.371565,,
6.81E-08,-0.369457,,
6.81E-08,-0.367515,,
6.81E-08,-0.366599,,
6.82E-08,-0.367237,,
6.82E-08,-0.369457,,
6.82E-08,-0.372703,,
6.82E-08,-0.375838,,
6.83E-08,-0.377808,,
6.83E-08,-0.377974,,
6.83E-08,-0.37642,,
6.83E-08,-0.373729,,
6.84E-08,-0.370789,,
6.84E-08,-0.368264,,
6.84E-08,-0.366405,,
6.84E-08,-0.365073,,
6.85E-08,-0.364075,,
6.85E-08,-0.363159,,
6.85E-08,-0.362327,,
6.85E-08,-0.361911,,
6.86E-08,-0.36216,,
6.86E-08,-0.363159,,
6.86E-08,-0.364491,,
6.86E-08,-0.365545,,
6.87E-08,-0.365601,,
6.87E-08,-0.364269,,
6.87E-08,-0.361772,,
6.87E-08,-0.358748,,
6.88E-08,-0.356168,,
6.88E-08,-0.354808,,
6.88E-08,-0.354781,,
6.88E-08,-0.355752,,
6.89E-08,-0.356889,,
6.89E-08,-0.357389,,
6.89E-08,-0.356917,,
6.89E-08,-0.355752,,
6.90E-08,-0.354559,,
6.90E-08,-0.353976,,
6.90E-08,-0.354254,,
6.90E-08,-0.355197,,
6.91E-08,-0.356251,,
6.91E-08,-0.356778,,
6.91E-08,-0.356334,,
6.91E-08,-0.354836,,
6.92E-08,-0.352534,,
6.92E-08,-0.349953,,
6.92E-08,-0.347789,,
6.92E-08,-0.346596,,
6.93E-08,-0.346707,,
6.93E-08,-0.348011,,
6.93E-08,-0.350175,,
6.93E-08,-0.352478,,
6.94E-08,-0.354059,,
6.94E-08,-0.354087,,
6.94E-08,-0.352062,,
6.94E-08,-0.348039,,
6.95E-08,-0.342796,,
6.95E-08,-0.337469,,
6.95E-08,-0.33328,,
6.95E-08,-0.330977,,
6.96E-08,-0.3307,,
6.96E-08,-0.331865,,
6.96E-08,-0.333502,,
6.96E-08,-0.334695,,
6.97E-08,-0.334944,,
6.97E-08,-0.334445,,
6.97E-08,-0.333807,,
6.97E-08,-0.333835,,
6.98E-08,-0.334944,,
6.98E-08,-0.337164,,
6.98E-08,-0.339605,,
6.98E-08,-0.341159,,
6.99E-08,-0.340826,,
6.99E-08,-0.338246,,
6.99E-08,-0.333946,,
6.99E-08,-0.329146,,
7.00E-08,-0.325068,,
7.00E-08,-0.322515,,
7.00E-08,-0.321433,,
7.00E-08,-0.321156,,
7.01E-08,-0.320851,,
7.01E-08,-0.31988,,
7.01E-08,-0.318326,,
7.01E-08,-0.316689,,
7.02E-08,-0.315635,,
7.02E-08,-0.315441,,
7.02E-08,-0.315912,,
7.02E-08,-0.316301,,
7.03E-08,-0.315912,,
7.03E-08,-0.314387,,
7.03E-08,-0.312112,,
7.03E-08,-0.309864,,
7.04E-08,-0.308782,,
7.04E-08,-0.309726,,
7.04E-08,-0.312861,,
7.04E-08,-0.317743,,
7.05E-08,-0.323486,,
7.05E-08,-0.329007,,
7.05E-08,-0.333446,,
7.05E-08,-0.336359,,
7.06E-08,-0.337663,,
7.06E-08,-0.337497,,
7.06E-08,-0.33622,,
7.06E-08,-0.334251,,
7.07E-08,-0.332198,,
7.07E-08,-0.330838,,
7.07E-08,-0.3307,,
7.07E-08,-0.332059,,
7.08E-08,-0.334667,,
7.08E-08,-0.337802,,
7.08E-08,-0.340299,,
7.08E-08,-0.341103,,
7.09E-08,-0.339661,,
7.09E-08,-0.335999,,
7.09E-08,-0.331199,,
7.09E-08,-0.326732,,
7.10E-08,-0.324152,,
7.10E-08,-0.324374,,
7.10E-08,-0.327426,,
7.10E-08,-0.332281,,
7.11E-08,-0.337413,,
7.11E-08,-0.341214,,
7.11E-08,-0.342823,,
7.11E-08,-0.342296,,
7.12E-08,-0.34077,,
7.12E-08,-0.339633,,
7.12E-08,-0.34016,,
7.12E-08,-0.342629,,
7.13E-08,-0.346375,,
7.13E-08,-0.349981,,
7.13E-08,-0.352034,,
7.13E-08,-0.351479,,
7.14E-08,-0.348317,,
7.14E-08,-0.343323,,
7.14E-08,-0.337885,,
7.14E-08,-0.333335,,
7.15E-08,-0.330616,,
7.15E-08,-0.330061,,
7.15E-08,-0.331393,,
7.15E-08,-0.333946,,
7.16E-08,-0.33697,,
7.16E-08,-0.339827,,
7.16E-08,-0.342102,,
7.16E-08,-0.343905,,
7.17E-08,-0.345431,,
7.17E-08,-0.347068,,
7.17E-08,-0.34901,,
7.17E-08,-0.351146,,
7.18E-08,-0.35295,,
7.18E-08,-0.353865,,
7.18E-08,-0.353449,,
7.18E-08,-0.351701,,
7.19E-08,-0.349149,,
7.19E-08,-0.346485,,
7.19E-08,-0.344322,,
7.19E-08,-0.34299,,
7.20E-08,-0.342213,,
7.20E-08,-0.341603,,
7.20E-08,-0.340965,,
7.20E-08,-0.340382,,
7.21E-08,-0.340576,,
7.21E-08,-0.342269,,
7.21E-08,-0.345875,,
7.21E-08,-0.350897,,
7.22E-08,-0.356029,,
7.22E-08,-0.359469,,
7.22E-08,-0.35958,,
7.22E-08,-0.355835,,
7.23E-08,-0.348927,,
7.23E-08,-0.340854,,
7.23E-08,-0.334167,,
7.23E-08,-0.33106,,
7.24E-08,-0.332447,,
7.24E-08,-0.337635,,
7.24E-08,-0.344654,,
7.24E-08,-0.350897,,
7.25E-08,-0.354115,,
7.25E-08,-0.353061,,
7.25E-08,-0.348011,,
7.25E-08,-0.340465,,
7.26E-08,-0.332586,,
7.26E-08,-0.326372,,
7.26E-08,-0.323126,,
7.26E-08,-0.323015,,
7.27E-08,-0.325345,,
7.27E-08,-0.328869,,
7.27E-08,-0.332336,,
7.27E-08,-0.334722,,
7.28E-08,-0.335527,,
7.28E-08,-0.334611,,
7.28E-08,-0.33217,,
7.28E-08,-0.328619,,
7.29E-08,-0.324541,,
7.29E-08,-0.320684,,
7.29E-08,-0.317827,,
7.29E-08,-0.316578,,
7.30E-08,-0.317216,,
7.30E-08,-0.319408,,
7.30E-08,-0.322155,,
7.30E-08,-0.324152,,
7.31E-08,-0.32418,,
7.31E-08,-0.3216,,
7.31E-08,-0.316745,,
7.31E-08,-0.310863,,
7.32E-08,-0.305758,,
7.32E-08,-0.302929,,
7.32E-08,-0.302984,,
7.32E-08,-0.305342,,
7.33E-08,-0.308477,,
7.33E-08,-0.310752,,
7.33E-08,-0.310974,,
7.33E-08,-0.309032,,
7.34E-08,-0.305842,,
7.34E-08,-0.302762,,
7.34E-08,-0.300765,,
7.34E-08,-0.300071,,
7.35E-08,-0.299932,,
7.35E-08,-0.299322,,
7.35E-08,-0.297519,,
7.35E-08,-0.294467,,
7.36E-08,-0.290999,,
7.36E-08,-0.288225,,
7.36E-08,-0.286976,,
7.36E-08,-0.287365,,
7.37E-08,-0.288835,,
7.37E-08,-0.290527,,
7.37E-08,-0.29172,,
7.37E-08,-0.292247,,
7.38E-08,-0.292358,,
7.38E-08,-0.292469,,
7.38E-08,-0.292775,,
7.38E-08,-0.293107,,
7.39E-08,-0.293052,,
7.39E-08,-0.29222,,
7.39E-08,-0.290638,,
7.39E-08,-0.288807,,
7.40E-08,-0.287587,,
7.40E-08,-0.287781,,
7.40E-08,-0.289889,,
7.40E-08,-0.293884,,
7.41E-08,-0.299211,,
7.41E-08,-0.304898,,
7.41E-08,-0.30992,,
7.41E-08,-0.313471,,
7.42E-08,-0.315136,,
7.42E-08,-0.314886,,
7.42E-08,-0.313138,,
7.42E-08,-0.310502,,
7.43E-08,-0.307645,,
7.43E-08,-0.305065,,
7.43E-08,-0.303012,,
7.43E-08,-0.301514,,
7.44E-08,-0.30057,,
7.44E-08,-0.300043,,
7.44E-08,-0.299932,,
7.44E-08,-0.300182,,
7.45E-08,-0.30082,,
7.45E-08,-0.301652,,
7.45E-08,-0.302346,,
7.45E-08,-0.30254,,
7.46E-08,-0.301958,,
7.46E-08,-0.300598,,
7.46E-08,-0.298823,,
7.46E-08,-0.297158,,
7.47E-08,-0.296242,,
7.47E-08,-0.296326,,
7.47E-08,-0.297352,,
7.47E-08,-0.298739,,
7.48E-08,-0.299794,,
7.48E-08,-0.300127,,
7.48E-08,-0.299627,,
7.48E-08,-0.298684,,
7.49E-08,-0.297852,,
7.49E-08,-0.297519,,
7.49E-08,-0.297768,,
7.49E-08,-0.298323,,
7.50E-08,-0.298712,,
7.50E-08,-0.298767,,
7.50E-08,-0.298434,,
7.50E-08,-0.297796,,
7.51E-08,-0.296908,,
7.51E-08,-0.29541,,
7.51E-08,-0.29283,,
7.51E-08,-0.288946,,
7.52E-08,-0.284091,,
7.52E-08,-0.279208,,
7.52E-08,-0.275823,,
7.52E-08,-0.275241,,
7.53E-08,-0.278071,,
7.53E-08,-0.283813,,
7.53E-08,-0.290833,,
7.53E-08,-0.296797,,
7.54E-08,-0.299627,,
7.54E-08,-0.298074,,
7.54E-08,-0.292386,,
7.54E-08,-0.28398,,
7.55E-08,-0.275352,,
7.55E-08,-0.268943,,
7.55E-08,-0.266307,,
7.55E-08,-0.267584,,
7.56E-08,-0.271523,,
7.56E-08,-0.276018,,
7.56E-08,-0.279097,,
7.56E-08,-0.279818,,
7.57E-08,-0.278542,,
7.57E-08,-0.276739,,
7.57E-08,-0.276101,,
7.57E-08,-0.277599,,
7.58E-08,-0.280928,,
7.58E-08,-0.284701,,
7.58E-08,-0.286976,,
7.58E-08,-0.286449,,
7.59E-08,-0.283092,,
7.59E-08,-0.278237,,
7.59E-08,-0.27402,,
7.59E-08,-0.272272,,
7.60E-08,-0.273854,,
7.60E-08,-0.278071,,
7.60E-08,-0.283148,,
7.60E-08,-0.287226,,
7.61E-08,-0.289029,,
7.61E-08,-0.288474,,
7.61E-08,-0.286421,,
7.61E-08,-0.284146,,
7.62E-08,-0.282565,,
7.62E-08,-0.281899,,
7.62E-08,-0.281539,,
7.62E-08,-0.280512,,
7.63E-08,-0.278126,,
7.63E-08,-0.274187,,
7.63E-08,-0.269331,,
7.63E-08,-0.264837,,
7.64E-08,-0.261924,,
7.64E-08,-0.261397,,
7.64E-08,-0.263228,,
7.64E-08,-0.266474,,
7.65E-08,-0.269831,,
7.65E-08,-0.271912,,
7.65E-08,-0.272078,,
7.65E-08,-0.270608,,
7.66E-08,-0.268471,,
7.66E-08,-0.266946,,
7.66E-08,-0.266724,,
7.66E-08,-0.267806,,
7.67E-08,-0.269331,,
7.67E-08,-0.270081,,
7.67E-08,-0.269304,,
7.67E-08,-0.267057,,
7.68E-08,-0.264476,,
7.68E-08,-0.262978,,
7.68E-08,-0.263838,,
7.68E-08,-0.267306,,
7.69E-08,-0.272494,,
7.69E-08,-0.277849,,
7.69E-08,-0.281788,,
7.69E-08,-0.283397,,
7.70E-08,-0.282815,,
7.70E-08,-0.280873,,
7.70E-08,-0.278653,,
7.70E-08,-0.276822,,
7.71E-08,-0.275241,,
7.71E-08,-0.273437,,
7.71E-08,-0.270996,,
7.71E-08,-0.268055,,
7.72E-08,-0.265336,,
7.72E-08,-0.263866,,
7.72E-08,-0.264421,,
7.72E-08,-0.26714,,
7.73E-08,-0.271495,,
7.73E-08,-0.276378,,
7.73E-08,-0.280595,,
7.73E-08,-0.283231,,
7.74E-08,-0.284008,,
7.74E-08,-0.283092,,
7.74E-08,-0.28115,,
7.74E-08,-0.279014,,
7.75E-08,-0.277544,,
7.75E-08,-0.277349,,
7.75E-08,-0.278487,,
7.75E-08,-0.280595,,
7.76E-08,-0.283009,,
7.76E-08,-0.284895,,
7.76E-08,-0.285589,,
7.76E-08,-0.285006,,
7.77E-08,-0.283453,,
7.77E-08,-0.281594,,
7.77E-08,-0.280013,,
7.77E-08,-0.279125,,
7.78E-08,-0.278736,,
7.78E-08,-0.278376,,
7.78E-08,-0.277349,,
7.78E-08,-0.275241,,
7.79E-08,-0.272078,,
7.79E-08,-0.268527,,
7.79E-08,-0.265475,,
7.79E-08,-0.263755,,
7.80E-08,-0.263727,,
7.80E-08,-0.265115,,
7.80E-08,-0.266918,,
7.80E-08,-0.268028,,
7.81E-08,-0.267611,,
7.81E-08,-0.265336,,
7.81E-08,-0.261702,,
7.81E-08,-0.257596,,
7.82E-08,-0.253989,,
7.82E-08,-0.251548,,
7.82E-08,-0.250522,,
7.82E-08,-0.250633,,
7.83E-08,-0.251576,,
7.83E-08,-0.252797,,
7.83E-08,-0.253934,,
7.83E-08,-0.2546,,
7.84E-08,-0.254739,,
7.84E-08,-0.254184,,
7.84E-08,-0.253046,,
7.84E-08,-0.25152,,
7.85E-08,-0.249967,,
7.85E-08,-0.248774,,
7.85E-08,-0.248219,,
7.85E-08,-0.24833,,
7.86E-08,-0.248912,,
7.86E-08,-0.249467,,
7.86E-08,-0.249523,,
7.86E-08,-0.248607,,
7.87E-08,-0.246665,,
7.87E-08,-0.243974,,
7.87E-08,-0.241006,,
7.87E-08,-0.238453,,
7.88E-08,-0.236761,,
7.88E-08,-0.236095,,
7.88E-08,-0.236289,,
7.88E-08,-0.236816,,
7.89E-08,-0.237149,,
7.89E-08,-0.236761,,
7.89E-08,-0.235568,,
7.89E-08,-0.233681,,
7.90E-08,-0.231517,,
7.90E-08,-0.229492,,
7.90E-08,-0.227939,,
7.90E-08,-0.226968,,
7.91E-08,-0.226524,,
7.91E-08,-0.226524,,
7.91E-08,-0.22694,,
7.91E-08,-0.227717,,
7.92E-08,-0.229048,,
7.92E-08,-0.230796,,
7.92E-08,-0.23271,,
7.92E-08,-0.234181,,
7.93E-08,-0.234514,,
7.93E-08,-0.233265,,
7.93E-08,-0.230463,,
7.93E-08,-0.226773,,
7.94E-08,-0.223278,,
7.94E-08,-0.22103,,
7.94E-08,-0.220476,,
7.94E-08,-0.221391,,
7.95E-08,-0.223056,,
7.95E-08,-0.224609,,
7.95E-08,-0.225358,,
7.95E-08,-0.225192,,
7.96E-08,-0.224443,,
7.96E-08,-0.223527,,
7.96E-08,-0.222667,,
7.96E-08,-0.221835,,
7.97E-08,-0.22103,,
7.97E-08,-0.22017,,
7.97E-08,-0.219366,,
7.97E-08,-0.218977,,
7.98E-08,-0.219172,,
7.98E-08,-0.219865,,
7.98E-08,-0.220809,,
7.98E-08,-0.221474,,
7.99E-08,-0.221613,,
7.99E-08,-0.221169,,
7.99E-08,-0.220392,,
7.99E-08,-0.219643,,
8.00E-08,-0.219199,,
8.00E-08,-0.219199,,
8.00E-08,-0.219588,,
8.00E-08,-0.220392,,
8.01E-08,-0.221613,,
8.01E-08,-0.223416,,
8.01E-08,-0.225858,,
8.01E-08,-0.228799,,
8.02E-08,-0.23185,,
8.02E-08,-0.234375,,
8.02E-08,-0.235596,,
